--
-- PostgreSQL database dump
--

-- Dumped from database version 16.3 (Debian 16.3-1.pgdg120+1)
-- Dumped by pg_dump version 16.3 (Debian 16.3-1.pgdg120+1)

SET statement_timeout = 0;
SET lock_timeout = 0;
SET idle_in_transaction_session_timeout = 0;
SET client_encoding = 'UTF8';
SET standard_conforming_strings = on;
SELECT pg_catalog.set_config('search_path', '', false);
SET check_function_bodies = false;
SET xmloption = content;
SET client_min_messages = warning;
SET row_security = off;

--
-- Name: drizzle; Type: SCHEMA; Schema: -; Owner: postgres
--

CREATE SCHEMA drizzle;


ALTER SCHEMA drizzle OWNER TO postgres;

SET default_tablespace = '';

SET default_table_access_method = heap;

--
-- Name: migrations; Type: TABLE; Schema: drizzle; Owner: postgres
--

CREATE TABLE drizzle.migrations (
    id integer NOT NULL,
    hash text NOT NULL,
    created_at bigint
);


ALTER TABLE drizzle.migrations OWNER TO postgres;

--
-- Name: migrations_id_seq; Type: SEQUENCE; Schema: drizzle; Owner: postgres
--

CREATE SEQUENCE drizzle.migrations_id_seq
    AS integer
    START WITH 1
    INCREMENT BY 1
    NO MINVALUE
    NO MAXVALUE
    CACHE 1;


ALTER SEQUENCE drizzle.migrations_id_seq OWNER TO postgres;

--
-- Name: migrations_id_seq; Type: SEQUENCE OWNED BY; Schema: drizzle; Owner: postgres
--

ALTER SEQUENCE drizzle.migrations_id_seq OWNED BY drizzle.migrations.id;


--
-- Name: courses; Type: TABLE; Schema: public; Owner: postgres
--

CREATE TABLE public.courses (
    id integer NOT NULL,
    name character varying(150) NOT NULL,
    description text,
    credits integer NOT NULL,
    semester character varying(10) NOT NULL,
    timeslot character varying(100) NOT NULL,
    instructor_id integer NOT NULL,
    created_at timestamp without time zone DEFAULT now(),
    updated_at timestamp without time zone,
    lecture_days character varying(100) NOT NULL
);


ALTER TABLE public.courses OWNER TO postgres;

--
-- Name: courses_credits_seq; Type: SEQUENCE; Schema: public; Owner: postgres
--

CREATE SEQUENCE public.courses_credits_seq
    AS integer
    START WITH 1
    INCREMENT BY 1
    NO MINVALUE
    NO MAXVALUE
    CACHE 1;


ALTER SEQUENCE public.courses_credits_seq OWNER TO postgres;

--
-- Name: courses_credits_seq; Type: SEQUENCE OWNED BY; Schema: public; Owner: postgres
--

ALTER SEQUENCE public.courses_credits_seq OWNED BY public.courses.credits;


--
-- Name: courses_id_seq; Type: SEQUENCE; Schema: public; Owner: postgres
--

CREATE SEQUENCE public.courses_id_seq
    AS integer
    START WITH 1
    INCREMENT BY 1
    NO MINVALUE
    NO MAXVALUE
    CACHE 1;


ALTER SEQUENCE public.courses_id_seq OWNER TO postgres;

--
-- Name: courses_id_seq; Type: SEQUENCE OWNED BY; Schema: public; Owner: postgres
--

ALTER SEQUENCE public.courses_id_seq OWNED BY public.courses.id;


--
-- Name: courses_instructor_id_seq; Type: SEQUENCE; Schema: public; Owner: postgres
--

CREATE SEQUENCE public.courses_instructor_id_seq
    AS integer
    START WITH 1
    INCREMENT BY 1
    NO MINVALUE
    NO MAXVALUE
    CACHE 1;


ALTER SEQUENCE public.courses_instructor_id_seq OWNER TO postgres;

--
-- Name: courses_instructor_id_seq; Type: SEQUENCE OWNED BY; Schema: public; Owner: postgres
--

ALTER SEQUENCE public.courses_instructor_id_seq OWNED BY public.courses.instructor_id;


--
-- Name: enrollments; Type: TABLE; Schema: public; Owner: postgres
--

CREATE TABLE public.enrollments (
    id integer NOT NULL,
    user_id integer NOT NULL,
    course_id integer NOT NULL,
    completed_at timestamp without time zone,
    updated_at timestamp without time zone,
    status character varying(10) DEFAULT 'enrolled'::character varying NOT NULL,
    enrolled_at timestamp without time zone DEFAULT now()
);


ALTER TABLE public.enrollments OWNER TO postgres;

--
-- Name: enrollments_course_id_seq; Type: SEQUENCE; Schema: public; Owner: postgres
--

CREATE SEQUENCE public.enrollments_course_id_seq
    AS integer
    START WITH 1
    INCREMENT BY 1
    NO MINVALUE
    NO MAXVALUE
    CACHE 1;


ALTER SEQUENCE public.enrollments_course_id_seq OWNER TO postgres;

--
-- Name: enrollments_course_id_seq; Type: SEQUENCE OWNED BY; Schema: public; Owner: postgres
--

ALTER SEQUENCE public.enrollments_course_id_seq OWNED BY public.enrollments.course_id;


--
-- Name: enrollments_id_seq; Type: SEQUENCE; Schema: public; Owner: postgres
--

CREATE SEQUENCE public.enrollments_id_seq
    AS integer
    START WITH 1
    INCREMENT BY 1
    NO MINVALUE
    NO MAXVALUE
    CACHE 1;


ALTER SEQUENCE public.enrollments_id_seq OWNER TO postgres;

--
-- Name: enrollments_id_seq; Type: SEQUENCE OWNED BY; Schema: public; Owner: postgres
--

ALTER SEQUENCE public.enrollments_id_seq OWNED BY public.enrollments.id;


--
-- Name: enrollments_user_id_seq; Type: SEQUENCE; Schema: public; Owner: postgres
--

CREATE SEQUENCE public.enrollments_user_id_seq
    AS integer
    START WITH 1
    INCREMENT BY 1
    NO MINVALUE
    NO MAXVALUE
    CACHE 1;


ALTER SEQUENCE public.enrollments_user_id_seq OWNER TO postgres;

--
-- Name: enrollments_user_id_seq; Type: SEQUENCE OWNED BY; Schema: public; Owner: postgres
--

ALTER SEQUENCE public.enrollments_user_id_seq OWNED BY public.enrollments.user_id;


--
-- Name: instructors; Type: TABLE; Schema: public; Owner: postgres
--

CREATE TABLE public.instructors (
    id integer NOT NULL,
    name character varying(150) NOT NULL,
    email character varying(150) NOT NULL,
    designation character varying(100) NOT NULL,
    bio text,
    created_at timestamp without time zone DEFAULT now(),
    updated_at timestamp without time zone
);


ALTER TABLE public.instructors OWNER TO postgres;

--
-- Name: instructors_id_seq; Type: SEQUENCE; Schema: public; Owner: postgres
--

CREATE SEQUENCE public.instructors_id_seq
    AS integer
    START WITH 1
    INCREMENT BY 1
    NO MINVALUE
    NO MAXVALUE
    CACHE 1;


ALTER SEQUENCE public.instructors_id_seq OWNER TO postgres;

--
-- Name: instructors_id_seq; Type: SEQUENCE OWNED BY; Schema: public; Owner: postgres
--

ALTER SEQUENCE public.instructors_id_seq OWNED BY public.instructors.id;


--
-- Name: lectures; Type: TABLE; Schema: public; Owner: postgres
--

CREATE TABLE public.lectures (
    id integer NOT NULL,
    name character varying(150) NOT NULL,
    description text,
    course_id integer NOT NULL,
    created_at timestamp without time zone DEFAULT now(),
    updated_at timestamp without time zone
);


ALTER TABLE public.lectures OWNER TO postgres;

--
-- Name: lectures_course_id_seq; Type: SEQUENCE; Schema: public; Owner: postgres
--

CREATE SEQUENCE public.lectures_course_id_seq
    AS integer
    START WITH 1
    INCREMENT BY 1
    NO MINVALUE
    NO MAXVALUE
    CACHE 1;


ALTER SEQUENCE public.lectures_course_id_seq OWNER TO postgres;

--
-- Name: lectures_course_id_seq; Type: SEQUENCE OWNED BY; Schema: public; Owner: postgres
--

ALTER SEQUENCE public.lectures_course_id_seq OWNED BY public.lectures.course_id;


--
-- Name: lectures_id_seq; Type: SEQUENCE; Schema: public; Owner: postgres
--

CREATE SEQUENCE public.lectures_id_seq
    AS integer
    START WITH 1
    INCREMENT BY 1
    NO MINVALUE
    NO MAXVALUE
    CACHE 1;


ALTER SEQUENCE public.lectures_id_seq OWNER TO postgres;

--
-- Name: lectures_id_seq; Type: SEQUENCE OWNED BY; Schema: public; Owner: postgres
--

ALTER SEQUENCE public.lectures_id_seq OWNED BY public.lectures.id;


--
-- Name: migrations; Type: TABLE; Schema: public; Owner: postgres
--

CREATE TABLE public.migrations (
    id integer NOT NULL,
    hash text NOT NULL,
    created_at bigint
);


ALTER TABLE public.migrations OWNER TO postgres;

--
-- Name: migrations_id_seq; Type: SEQUENCE; Schema: public; Owner: postgres
--

CREATE SEQUENCE public.migrations_id_seq
    AS integer
    START WITH 1
    INCREMENT BY 1
    NO MINVALUE
    NO MAXVALUE
    CACHE 1;


ALTER SEQUENCE public.migrations_id_seq OWNER TO postgres;

--
-- Name: migrations_id_seq; Type: SEQUENCE OWNED BY; Schema: public; Owner: postgres
--

ALTER SEQUENCE public.migrations_id_seq OWNED BY public.migrations.id;


--
-- Name: refreshTokens; Type: TABLE; Schema: public; Owner: postgres
--

CREATE TABLE public."refreshTokens" (
    id integer NOT NULL,
    token text NOT NULL,
    user_id integer NOT NULL,
    expires_at timestamp without time zone NOT NULL
);


ALTER TABLE public."refreshTokens" OWNER TO postgres;

--
-- Name: refreshTokens_id_seq; Type: SEQUENCE; Schema: public; Owner: postgres
--

CREATE SEQUENCE public."refreshTokens_id_seq"
    AS integer
    START WITH 1
    INCREMENT BY 1
    NO MINVALUE
    NO MAXVALUE
    CACHE 1;


ALTER SEQUENCE public."refreshTokens_id_seq" OWNER TO postgres;

--
-- Name: refreshTokens_id_seq; Type: SEQUENCE OWNED BY; Schema: public; Owner: postgres
--

ALTER SEQUENCE public."refreshTokens_id_seq" OWNED BY public."refreshTokens".id;


--
-- Name: refreshTokens_user_id_seq; Type: SEQUENCE; Schema: public; Owner: postgres
--

CREATE SEQUENCE public."refreshTokens_user_id_seq"
    AS integer
    START WITH 1
    INCREMENT BY 1
    NO MINVALUE
    NO MAXVALUE
    CACHE 1;


ALTER SEQUENCE public."refreshTokens_user_id_seq" OWNER TO postgres;

--
-- Name: refreshTokens_user_id_seq; Type: SEQUENCE OWNED BY; Schema: public; Owner: postgres
--

ALTER SEQUENCE public."refreshTokens_user_id_seq" OWNED BY public."refreshTokens".user_id;


--
-- Name: student_lectures; Type: TABLE; Schema: public; Owner: postgres
--

CREATE TABLE public.student_lectures (
    id integer NOT NULL,
    lecture_id integer NOT NULL,
    user_id integer NOT NULL,
    status character varying(10) DEFAULT 'pending'::character varying NOT NULL,
    created_at timestamp without time zone DEFAULT now(),
    updated_at timestamp without time zone
);


ALTER TABLE public.student_lectures OWNER TO postgres;

--
-- Name: student_lectures_id_seq; Type: SEQUENCE; Schema: public; Owner: postgres
--

CREATE SEQUENCE public.student_lectures_id_seq
    AS integer
    START WITH 1
    INCREMENT BY 1
    NO MINVALUE
    NO MAXVALUE
    CACHE 1;


ALTER SEQUENCE public.student_lectures_id_seq OWNER TO postgres;

--
-- Name: student_lectures_id_seq; Type: SEQUENCE OWNED BY; Schema: public; Owner: postgres
--

ALTER SEQUENCE public.student_lectures_id_seq OWNED BY public.student_lectures.id;


--
-- Name: student_lectures_lecture_id_seq; Type: SEQUENCE; Schema: public; Owner: postgres
--

CREATE SEQUENCE public.student_lectures_lecture_id_seq
    AS integer
    START WITH 1
    INCREMENT BY 1
    NO MINVALUE
    NO MAXVALUE
    CACHE 1;


ALTER SEQUENCE public.student_lectures_lecture_id_seq OWNER TO postgres;

--
-- Name: student_lectures_lecture_id_seq; Type: SEQUENCE OWNED BY; Schema: public; Owner: postgres
--

ALTER SEQUENCE public.student_lectures_lecture_id_seq OWNED BY public.student_lectures.lecture_id;


--
-- Name: student_lectures_user_id_seq; Type: SEQUENCE; Schema: public; Owner: postgres
--

CREATE SEQUENCE public.student_lectures_user_id_seq
    AS integer
    START WITH 1
    INCREMENT BY 1
    NO MINVALUE
    NO MAXVALUE
    CACHE 1;


ALTER SEQUENCE public.student_lectures_user_id_seq OWNER TO postgres;

--
-- Name: student_lectures_user_id_seq; Type: SEQUENCE OWNED BY; Schema: public; Owner: postgres
--

ALTER SEQUENCE public.student_lectures_user_id_seq OWNED BY public.student_lectures.user_id;


--
-- Name: users; Type: TABLE; Schema: public; Owner: postgres
--

CREATE TABLE public.users (
    id integer NOT NULL,
    name character varying(150) NOT NULL,
    email character varying(150) NOT NULL,
    password character varying(100) NOT NULL,
    role character varying(10) NOT NULL,
    created_at timestamp without time zone NOT NULL,
    updated_at timestamp without time zone
);


ALTER TABLE public.users OWNER TO postgres;

--
-- Name: users_id_seq; Type: SEQUENCE; Schema: public; Owner: postgres
--

CREATE SEQUENCE public.users_id_seq
    AS integer
    START WITH 1
    INCREMENT BY 1
    NO MINVALUE
    NO MAXVALUE
    CACHE 1;


ALTER SEQUENCE public.users_id_seq OWNER TO postgres;

--
-- Name: users_id_seq; Type: SEQUENCE OWNED BY; Schema: public; Owner: postgres
--

ALTER SEQUENCE public.users_id_seq OWNED BY public.users.id;


--
-- Name: migrations id; Type: DEFAULT; Schema: drizzle; Owner: postgres
--

ALTER TABLE ONLY drizzle.migrations ALTER COLUMN id SET DEFAULT nextval('drizzle.migrations_id_seq'::regclass);


--
-- Name: courses id; Type: DEFAULT; Schema: public; Owner: postgres
--

ALTER TABLE ONLY public.courses ALTER COLUMN id SET DEFAULT nextval('public.courses_id_seq'::regclass);


--
-- Name: courses credits; Type: DEFAULT; Schema: public; Owner: postgres
--

ALTER TABLE ONLY public.courses ALTER COLUMN credits SET DEFAULT nextval('public.courses_credits_seq'::regclass);


--
-- Name: courses instructor_id; Type: DEFAULT; Schema: public; Owner: postgres
--

ALTER TABLE ONLY public.courses ALTER COLUMN instructor_id SET DEFAULT nextval('public.courses_instructor_id_seq'::regclass);


--
-- Name: enrollments id; Type: DEFAULT; Schema: public; Owner: postgres
--

ALTER TABLE ONLY public.enrollments ALTER COLUMN id SET DEFAULT nextval('public.enrollments_id_seq'::regclass);


--
-- Name: enrollments user_id; Type: DEFAULT; Schema: public; Owner: postgres
--

ALTER TABLE ONLY public.enrollments ALTER COLUMN user_id SET DEFAULT nextval('public.enrollments_user_id_seq'::regclass);


--
-- Name: enrollments course_id; Type: DEFAULT; Schema: public; Owner: postgres
--

ALTER TABLE ONLY public.enrollments ALTER COLUMN course_id SET DEFAULT nextval('public.enrollments_course_id_seq'::regclass);


--
-- Name: instructors id; Type: DEFAULT; Schema: public; Owner: postgres
--

ALTER TABLE ONLY public.instructors ALTER COLUMN id SET DEFAULT nextval('public.instructors_id_seq'::regclass);


--
-- Name: lectures id; Type: DEFAULT; Schema: public; Owner: postgres
--

ALTER TABLE ONLY public.lectures ALTER COLUMN id SET DEFAULT nextval('public.lectures_id_seq'::regclass);


--
-- Name: lectures course_id; Type: DEFAULT; Schema: public; Owner: postgres
--

ALTER TABLE ONLY public.lectures ALTER COLUMN course_id SET DEFAULT nextval('public.lectures_course_id_seq'::regclass);


--
-- Name: migrations id; Type: DEFAULT; Schema: public; Owner: postgres
--

ALTER TABLE ONLY public.migrations ALTER COLUMN id SET DEFAULT nextval('public.migrations_id_seq'::regclass);


--
-- Name: refreshTokens id; Type: DEFAULT; Schema: public; Owner: postgres
--

ALTER TABLE ONLY public."refreshTokens" ALTER COLUMN id SET DEFAULT nextval('public."refreshTokens_id_seq"'::regclass);


--
-- Name: refreshTokens user_id; Type: DEFAULT; Schema: public; Owner: postgres
--

ALTER TABLE ONLY public."refreshTokens" ALTER COLUMN user_id SET DEFAULT nextval('public."refreshTokens_user_id_seq"'::regclass);


--
-- Name: student_lectures id; Type: DEFAULT; Schema: public; Owner: postgres
--

ALTER TABLE ONLY public.student_lectures ALTER COLUMN id SET DEFAULT nextval('public.student_lectures_id_seq'::regclass);


--
-- Name: student_lectures lecture_id; Type: DEFAULT; Schema: public; Owner: postgres
--

ALTER TABLE ONLY public.student_lectures ALTER COLUMN lecture_id SET DEFAULT nextval('public.student_lectures_lecture_id_seq'::regclass);


--
-- Name: student_lectures user_id; Type: DEFAULT; Schema: public; Owner: postgres
--

ALTER TABLE ONLY public.student_lectures ALTER COLUMN user_id SET DEFAULT nextval('public.student_lectures_user_id_seq'::regclass);


--
-- Name: users id; Type: DEFAULT; Schema: public; Owner: postgres
--

ALTER TABLE ONLY public.users ALTER COLUMN id SET DEFAULT nextval('public.users_id_seq'::regclass);


--
-- Data for Name: migrations; Type: TABLE DATA; Schema: drizzle; Owner: postgres
--

COPY drizzle.migrations (id, hash, created_at) FROM stdin;
1	c9acf9a2ac0eee592e7fc33d0bb18a50a03420b999d0eca3e266b5de69626f93	1716527145615
\.


--
-- Data for Name: courses; Type: TABLE DATA; Schema: public; Owner: postgres
--

COPY public.courses (id, name, description, credits, semester, timeslot, instructor_id, created_at, updated_at, lecture_days) FROM stdin;
5	Machine Learning	Here you will learn web development technologies starting from HTML css javascript to the Node.js, GoLang, Typescript as well. 	20	first	11:00 AM	2	2024-05-27 16:05:57.032059	\N	Monday
6	Data Structure	Here you will learn web development technologies starting from HTML css javascript to the Node.js, GoLang, Typescript as well. 	35	first	12:00 PM	1	2024-05-27 16:05:57.032059	\N	Tuesday
7	Artificial Intelligence	Here you will learn web development technologies starting from HTML css javascript to the Node.js, GoLang, Typescript as well. 	55	first	3:00 PM	1	2024-05-27 16:05:57.032059	\N	Wednesday
4	Web Development	Here you will learn web development technologies starting from HTML css javascript to the Node.js, GoLang, Typescript as well. 	10	first	8:00 AM	1	2024-05-27 16:05:57.032059	\N	Thursday
\.


--
-- Data for Name: enrollments; Type: TABLE DATA; Schema: public; Owner: postgres
--

COPY public.enrollments (id, user_id, course_id, completed_at, updated_at, status, enrolled_at) FROM stdin;
118	8	4	2024-06-01 21:38:05.169	\N	completed	2024-06-01 21:38:01.494
119	8	6	\N	\N	enrolled	2024-06-01 21:39:19.571
121	8	7	\N	\N	enrolled	2024-06-01 21:42:24.766
120	8	5	2024-06-02 03:31:15.269	\N	completed	2024-06-01 21:39:27.816
128	125	5	2024-06-02 09:57:16.572	\N	completed	2024-06-02 09:57:16.565
130	131	5	2024-06-02 09:58:10.059	\N	completed	2024-06-02 09:58:10.051
132	137	5	2024-06-02 09:59:04.765	\N	completed	2024-06-02 09:59:04.759
134	143	5	2024-06-02 09:59:52.989	\N	completed	2024-06-02 09:59:52.982
136	149	5	2024-06-02 10:00:18.918	\N	completed	2024-06-02 10:00:18.911
138	155	5	2024-06-02 10:01:03.536	\N	completed	2024-06-02 10:01:03.529
140	161	5	2024-06-02 10:01:42.436	\N	completed	2024-06-02 10:01:42.428
142	167	5	2024-06-02 10:02:34.513	\N	completed	2024-06-02 10:02:34.506
\.


--
-- Data for Name: instructors; Type: TABLE DATA; Schema: public; Owner: postgres
--

COPY public.instructors (id, name, email, designation, bio, created_at, updated_at) FROM stdin;
1	Subash	subash@gm.com	adsjasdas dasd asd asdasd	sdasd asd	2024-05-26 14:31:15.238459	\N
2	Another	wsubash@gm.com	adsjasdas dasd asd asdasd	sdasd asd	2024-05-26 14:31:15.238459	\N
\.


--
-- Data for Name: lectures; Type: TABLE DATA; Schema: public; Owner: postgres
--

COPY public.lectures (id, name, description, course_id, created_at, updated_at) FROM stdin;
2	What is web Development	What is web Development. What is web Development. What is web Development	4	2024-05-27 16:21:54.461969	\N
4	How to start web development	What is web Development. What is web Development. What is web Development	4	2024-05-27 16:21:54.461969	\N
\.


--
-- Data for Name: migrations; Type: TABLE DATA; Schema: public; Owner: postgres
--

COPY public.migrations (id, hash, created_at) FROM stdin;
2	c9acf9a2ac0eee592e7fc33d0bb18a50a03420b999d0eca3e266b5de69626f93	1716527145615
3	756f579504097f96a9ad5044cae3f6e42735cd20069f8d666a12ede64af89be1	1716555844851
4	bca27275a4d609cc24f938837c748164198eeea69db14f99aa5444acd5fee6b1	1716558025984
5	fa9d65fdc29e7f1b3c98634de3a6e8c868849f3b98f03d4e89b538c671430862	1716694992823
6	0785e0c9d5ee89b72a3283413f2372c94dcbee52198f070e75aed54de8ed4341	1716792512513
7	9c586ab7670de317344edd7bccbf39558e6036d197c0a5e7ed8d7506a7472e31	1716792626824
8	95c6835f60fce81d83357030a2991187092345767716449567761d490b775672	1716793275361
9	d4df2358351d494c68a0938f2923bf30d4257ff5d8f973f746f5ce238a29fe65	1716793316629
10	303f62b1b1c2da413daf1ca7cb05d7051424ac602c9f429454980da801adb7db	1716793341218
11	28112c492e2537a945c45409ed92fa416cdba0abe1302eeac8014a673a7589c4	1716798000467
12	8eae3099979a5b4372196d42e6c3d57cc7f1522a6514007f6352d5851beb2a99	1716803326040
13	c37baf18998b068dda2ca9ef2f13526e0ada05c876408eff39d1d98f55ee91db	1717277705614
\.


--
-- Data for Name: refreshTokens; Type: TABLE DATA; Schema: public; Owner: postgres
--

COPY public."refreshTokens" (id, token, user_id, expires_at) FROM stdin;
85	eyJhbGciOiJIUzI1NiIsInR5cCI6IkpXVCJ9.eyJlbWFpbCI6InN1YmFzaEBleWVtb3ZpYy5jb20iLCJpYXQiOjE3MTY2ODc4NzQsImV4cCI6MTcxNzI5MjY3NH0.DpE6WZ-BiecMlSZiyjFzJnR9IXD4MoCGaHG8gOe6Tps	6	2024-06-02 01:44:34.21
86	eyJhbGciOiJIUzI1NiIsInR5cCI6IkpXVCJ9.eyJlbWFpbCI6InN1YmFzaEBleWVtb3ZpYy5jb20iLCJpYXQiOjE3MTY2ODgyODEsImV4cCI6MTcxNzI5MzA4MX0.cQih0EYHwhGrTAQ9SxSDYWPsex29HZmSGlSBL5ZfVBg	6	2024-06-02 01:51:21.319
88	eyJhbGciOiJIUzI1NiIsInR5cCI6IkpXVCJ9.eyJlbWFpbCI6InN1YmFzaEBleWVtb3ZpYy5jb20iLCJpYXQiOjE3MTY2ODg1MzYsImV4cCI6MTcxNzI5MzMzNn0.sBJlifRFeC9ordFWM2IDH4-wilUEfTcZhQfsajZsMNA	6	2024-06-02 01:55:36.643
91	eyJhbGciOiJIUzI1NiIsInR5cCI6IkpXVCJ9.eyJlbWFpbCI6InN1YmFzaEBleWVtb3ZpYy5jb20iLCJpYXQiOjE3MTY2ODk4NTYsImV4cCI6MTcxNzI5NDY1Nn0.Xi-bK3QHPoMUUjNtFHMyhsPHoR9vnC-SWc2uqHu9cqA	6	2024-06-02 02:17:36.018
92	eyJhbGciOiJIUzI1NiIsInR5cCI6IkpXVCJ9.eyJlbWFpbCI6InN1YmFzaEBleWVtb3ZpYy5jb20iLCJpYXQiOjE3MTY2OTE3NTAsImV4cCI6MTcxNzI5NjU1MH0.LL8UMQ4x-1lZIqEVMjmgjK3OrbRKL57TlrRuutmQmNY	6	2024-06-02 02:49:10.231
93	eyJhbGciOiJIUzI1NiIsInR5cCI6IkpXVCJ9.eyJlbWFpbCI6InN1YmFzaEBleWVtb3ZpYy5jb20iLCJpYXQiOjE3MTY2OTI5ODEsImV4cCI6MTcxNzI5Nzc4MX0.LFQg7d2NUt7MwPyW8GtGmrUUXZEDHvc6Kf8Fp3S3xa8	6	2024-06-02 03:09:41.818
94	eyJhbGciOiJIUzI1NiIsInR5cCI6IkpXVCJ9.eyJlbWFpbCI6InN1YmFzaEBleWVtb3ZpYy5jb20iLCJpYXQiOjE3MTY2OTM0MzIsImV4cCI6MTcxNzI5ODIzMn0.eATKooTJBxD7QEaZARUd9NdPSUJtX9PGqdFmXmlztpg	6	2024-06-02 03:17:12.727
95	eyJhbGciOiJIUzI1NiIsInR5cCI6IkpXVCJ9.eyJlbWFpbCI6InN1YmFzaEBleWVtb3ZpYy5jb20iLCJpYXQiOjE3MTY2OTQxNDMsImV4cCI6MTcxNzI5ODk0M30.-xSs6CUAfr7Sg1X9n3pfGBOIJ-iO5CZdlifujiCMgMw	6	2024-06-02 03:29:03.59
96	eyJhbGciOiJIUzI1NiIsInR5cCI6IkpXVCJ9.eyJlbWFpbCI6InN1YmFzaEBleWVtb3ZpYy5jb20iLCJpYXQiOjE3MTY2OTQ5MzMsImV4cCI6MTcxNzI5OTczM30.kODXy-vP3tDvZ298QgyCaymnyBRvZzcHp6eJFyPV47o	6	2024-06-02 03:42:13.05
97	eyJhbGciOiJIUzI1NiIsInR5cCI6IkpXVCJ9.eyJlbWFpbCI6InN1YmFzaEBleWVtb3ZpYy5jb20iLCJpYXQiOjE3MTY2OTU2NzEsImV4cCI6MTcxNzMwMDQ3MX0.KwM6NJAbDKJVm8xd1KSL5c3skuhW0oZwDWw9A-c-23Y	6	2024-06-02 03:54:31.651
98	eyJhbGciOiJIUzI1NiIsInR5cCI6IkpXVCJ9.eyJlbWFpbCI6InN1YmFzaEBleWVtb3ZpYy5jb20iLCJpYXQiOjE3MTY2OTgwOTUsImV4cCI6MTcxNzMwMjg5NX0.2l1CEGnJ_Rp2AduR-tlGl_1tPj1CfM6wmZxFum8dabM	6	2024-06-02 04:34:55.713
16	eyJhbGciOiJIUzI1NiIsInR5cCI6IkpXVCJ9.eyJlbWFpbCI6InVzZXJAZXhhbXBsZS5jb20iLCJpYXQiOjE3MTY2MjAzNjYsImV4cCI6MTcxNzIyNTE2Nn0.En3-2odRNDdQVr7u7ruNDQc66ZEogQeNXOvPgc1ZKvA	3	2024-06-01 06:59:26.924
17	eyJhbGciOiJIUzI1NiIsInR5cCI6IkpXVCJ9.eyJlbWFpbCI6InVzZXJAZXhhbXBsZS5jb20iLCJpYXQiOjE3MTY2MjA0NjQsImV4cCI6MTcxNzIyNTI2NH0.hHEuifsNUzEob37op1QavGw48sWpzSdBpjAO6Rlq_rw	3	2024-06-01 07:01:04.793
18	eyJhbGciOiJIUzI1NiIsInR5cCI6IkpXVCJ9.eyJlbWFpbCI6InVzZXJAZXhhbXBsZS5jb20iLCJpYXQiOjE3MTY2MjA3NTEsImV4cCI6MTcxNzIyNTU1MX0.fZbjEuhqIPjVZUGNRG0aE8agbiKlGqtiiC191kVP-HI	3	2024-06-01 07:05:51.757
19	eyJhbGciOiJIUzI1NiIsInR5cCI6IkpXVCJ9.eyJlbWFpbCI6InVzZXJAZXhhbXBsZS5jb20iLCJpYXQiOjE3MTY2MjA4MTMsImV4cCI6MTcxNzIyNTYxM30.dMjWXsavfVrzGgwVyH0Q3Kf4LwFJzVim8uMzbWHmIzM	3	2024-06-01 07:06:53.348
20	eyJhbGciOiJIUzI1NiIsInR5cCI6IkpXVCJ9.eyJlbWFpbCI6InVzZXJAZXhhbXBsZS5jb20iLCJpYXQiOjE3MTY2MjE1OTksImV4cCI6MTcxNzIyNjM5OX0.CxJzc6pdmQ7JC2PkiaDOLTQ-E126RtrXm0CYdt4d9E8	3	2024-06-01 07:19:59.73
21	eyJhbGciOiJIUzI1NiIsInR5cCI6IkpXVCJ9.eyJlbWFpbCI6InVzZXJAZXhhbXBsZS5jb20iLCJpYXQiOjE3MTY2MjMyNTMsImV4cCI6MTcxNzIyODA1M30.u2lMzuhGhMnDUwdnVt3ZHUc8thIj4w9sUk0dTGb1big	3	2024-06-01 07:47:33.884
22	eyJhbGciOiJIUzI1NiIsInR5cCI6IkpXVCJ9.eyJlbWFpbCI6InVzZXJAZXhhbXBsZS5jb20iLCJpYXQiOjE3MTY2MjMzMDEsImV4cCI6MTcxNzIyODEwMX0.nTuM5-Cff1QzMvjvB-3GG_-asvoEZNWDIwLpiTBXCBc	3	2024-06-01 07:48:21.374
23	eyJhbGciOiJIUzI1NiIsInR5cCI6IkpXVCJ9.eyJlbWFpbCI6InVzZXJAZXhhbXBsZS5jb20iLCJpYXQiOjE3MTY2MjM0NzQsImV4cCI6MTcxNzIyODI3NH0.3cDGCwGWx24c3qbBNhfPh0s9TBukAK3HdLD18Wk3-Ic	3	2024-06-01 07:51:14.363
24	eyJhbGciOiJIUzI1NiIsInR5cCI6IkpXVCJ9.eyJlbWFpbCI6InVzZXJAZXhhbXBsZS5jb20iLCJpYXQiOjE3MTY2MjQyNzUsImV4cCI6MTcxNzIyOTA3NX0.fgu6ZXJ5ysU7SjeJKWWDeNZt7tQlfVBpFMd3VHBd_rk	3	2024-06-01 08:04:35.872
99	eyJhbGciOiJIUzI1NiIsInR5cCI6IkpXVCJ9.eyJlbWFpbCI6InN1YmFzaEBleWVtb3ZpYy5jb20iLCJpYXQiOjE3MTY2OTkxODcsImV4cCI6MTcxNzMwMzk4N30.u5L4hAs9aDCqf1vNiE0gxp0IQjnEgR1DVXRg_1L0mWk	6	2024-06-02 04:53:07.166
100	eyJhbGciOiJIUzI1NiIsInR5cCI6IkpXVCJ9.eyJlbWFpbCI6InN1YmFzaEBleWVtb3ZpYy5jb20iLCJpYXQiOjE3MTY2OTk4ODIsImV4cCI6MTcxNzMwNDY4Mn0.wIRhH4yxBDG5CYKNelHVNRFz72jAyyBY8-aDZxUvLvM	6	2024-06-02 05:04:42.559
101	eyJhbGciOiJIUzI1NiIsInR5cCI6IkpXVCJ9.eyJlbWFpbCI6InN1YmFzaEBleWVtb3ZpYy5jb20iLCJpYXQiOjE3MTY3MDAzOTMsImV4cCI6MTcxNzMwNTE5M30.CHv2AjZKQlJdOYPLqyWdOtaE9fHIYazWOGEYbSI9KPo	6	2024-06-02 05:13:13.292
102	eyJhbGciOiJIUzI1NiIsInR5cCI6IkpXVCJ9.eyJlbWFpbCI6InN1YmFzaEBleWVtb3ZpYy5jb20iLCJpYXQiOjE3MTY3MDExNzQsImV4cCI6MTcxNzMwNTk3NH0.b6aPcxwSFpQ7GeL9KNgqrH4GsIuDxXdaxC0yDWpPxlc	6	2024-06-02 05:26:14.722
103	eyJhbGciOiJIUzI1NiIsInR5cCI6IkpXVCJ9.eyJlbWFpbCI6InN1YmFzaEBleWVtb3ZpYy5jb20iLCJpYXQiOjE3MTY3MDE2NjIsImV4cCI6MTcxNzMwNjQ2Mn0.yqVu9Zhjh_1rGyTisM3y7MKFYCAph-rAvg-rXmL2GtA	6	2024-06-02 05:34:22.35
104	eyJhbGciOiJIUzI1NiIsInR5cCI6IkpXVCJ9.eyJlbWFpbCI6InN1YmFzaEBleWVtb3ZpYy5jb20iLCJpYXQiOjE3MTY3MDIxOTIsImV4cCI6MTcxNzMwNjk5Mn0.Jezn_DE7dyTQzqqeecwEOrXWTfo8FYm6PZt0nyzHHD0	6	2024-06-02 05:43:12.163
105	eyJhbGciOiJIUzI1NiIsInR5cCI6IkpXVCJ9.eyJlbWFpbCI6InN1YmFzaEBleWVtb3ZpYy5jb20iLCJpYXQiOjE3MTY3MDI2OTIsImV4cCI6MTcxNzMwNzQ5Mn0.8GVLeUWksHgsdN3TvmpM0UmUNkJ9Y0EA7BXezamJA6o	6	2024-06-02 05:51:32.692
106	eyJhbGciOiJIUzI1NiIsInR5cCI6IkpXVCJ9.eyJlbWFpbCI6InN1YmFzaEBleWVtb3ZpYy5jb20iLCJpYXQiOjE3MTY3MDI2OTksImV4cCI6MTcxNzMwNzQ5OX0.bbCWpkCRWcg_mCY9U-l4lNFZm_FUaUihSVufiFN8GdA	6	2024-06-02 05:51:39.323
111	eyJhbGciOiJIUzI1NiIsInR5cCI6IkpXVCJ9.eyJlbWFpbCI6InN1YmFzaEBleWVtb3ZpYy5jb20iLCJpYXQiOjE3MTY3MDM3NDYsImV4cCI6MTcxNzMwODU0Nn0.suaz7UW6qI7VC8q2fIA_3sxD19_Gocy8f-jys3Lfjew	6	2024-06-02 06:09:06.864
112	eyJhbGciOiJIUzI1NiIsInR5cCI6IkpXVCJ9.eyJlbWFpbCI6InN1YmFzaEBleWVtb3ZpYy5jb20iLCJpYXQiOjE3MTY3MDQ0MDIsImV4cCI6MTcxNzMwOTIwMn0.cYvgZsTwP91Lqv35HKXP1l1fqur46MwgUUq9ZXOaj0E	6	2024-06-02 06:20:02.72
113	eyJhbGciOiJIUzI1NiIsInR5cCI6IkpXVCJ9.eyJlbWFpbCI6InN1YmFzaEBleWVtb3ZpYy5jb20iLCJpYXQiOjE3MTY3MDQ3NjQsImV4cCI6MTcxNzMwOTU2NH0.6nvC9N1MfdDn_-y47Ea7SKDL7IaMqglqmkxAPLVNxjs	6	2024-06-02 06:26:04.924
114	eyJhbGciOiJIUzI1NiIsInR5cCI6IkpXVCJ9.eyJlbWFpbCI6InN1YmFzaEBleWVtb3ZpYy5jb20iLCJpYXQiOjE3MTY3MDY0OTcsImV4cCI6MTcxNzMxMTI5N30.TsnbxBllRn0g2hksFNw5C8HE99A9HXGP4CivYN-zjPA	6	2024-06-02 06:54:57.85
115	eyJhbGciOiJIUzI1NiIsInR5cCI6IkpXVCJ9.eyJlbWFpbCI6InN1YmFzaEBleWVtb3ZpYy5jb20iLCJpYXQiOjE3MTY3MDY4NTgsImV4cCI6MTcxNzMxMTY1OH0.F16kqz4F9_M9svtinxw-8SXDNRs22bPCJ3mKv4GoqTQ	6	2024-06-02 07:00:58.11
116	eyJhbGciOiJIUzI1NiIsInR5cCI6IkpXVCJ9.eyJlbWFpbCI6InN1YmFzaEBleWVtb3ZpYy5jb20iLCJpYXQiOjE3MTY3MDcyNjUsImV4cCI6MTcxNzMxMjA2NX0.282dWahfkgI5LJ9lGCcjilzg0HG3akIIfhgMiFAT_8A	6	2024-06-02 07:07:45.327
117	eyJhbGciOiJIUzI1NiIsInR5cCI6IkpXVCJ9.eyJlbWFpbCI6InN1YmFzaEBleWVtb3ZpYy5jb20iLCJpYXQiOjE3MTY3MDc2MjcsImV4cCI6MTcxNzMxMjQyN30.OwwZyNvQzItMCZGjgEggs5T-Foia1TOLgsdiF0X3IgA	6	2024-06-02 07:13:47.531
118	eyJhbGciOiJIUzI1NiIsInR5cCI6IkpXVCJ9.eyJlbWFpbCI6InN1YmFzaEBleWVtb3ZpYy5jb20iLCJpYXQiOjE3MTY3MDg1MTAsImV4cCI6MTcxNzMxMzMxMH0.0UjsRf13PEcH-E7WIizH-3tZJTok3BrVIREvisfjGE4	6	2024-06-02 07:28:30.385
119	eyJhbGciOiJIUzI1NiIsInR5cCI6IkpXVCJ9.eyJlbWFpbCI6InN1YmFzaEBleWVtb3ZpYy5jb20iLCJpYXQiOjE3MTY3MTQ3NzAsImV4cCI6MTcxNzMxOTU3MH0.2uRus0X0dFzcKN0C2rDUCFhUtxPUcyeNHD2yK3zxIj8	6	2024-06-02 09:12:50.644
120	eyJhbGciOiJIUzI1NiIsInR5cCI6IkpXVCJ9.eyJlbWFpbCI6InN1YmFzaEBleWVtb3ZpYy5jb20iLCJpYXQiOjE3MTY3MTYxNTEsImV4cCI6MTcxNzMyMDk1MX0.6xbcc9VEMwXE5JskwIBIM0WJnP6ER43AK5abT2TcrGw	6	2024-06-02 09:35:51.118
121	eyJhbGciOiJIUzI1NiIsInR5cCI6IkpXVCJ9.eyJlbWFpbCI6InN1YmFzaEBleWVtb3ZpYy5jb20iLCJpYXQiOjE3MTY3MTYxNTcsImV4cCI6MTcxNzMyMDk1N30.JNxgPXLzpo12_xRUmF0k67DwVp-uTj55ydxQvx-lfXo	6	2024-06-02 09:35:57.569
122	eyJhbGciOiJIUzI1NiIsInR5cCI6IkpXVCJ9.eyJlbWFpbCI6InN1YmFzaEBleWVtb3ZpYy5jb20iLCJpYXQiOjE3MTY3MTY0NzksImV4cCI6MTcxNzMyMTI3OX0.VzPLokbI1xRUDrULzcQEyUUrEaF35PoqVQ6HL-IfKOQ	6	2024-06-02 09:41:19.863
123	eyJhbGciOiJIUzI1NiIsInR5cCI6IkpXVCJ9.eyJlbWFpbCI6InN1YmFzaEBleWVtb3ZpYy5jb20iLCJpYXQiOjE3MTY3MTY2MTMsImV4cCI6MTcxNzMyMTQxM30.ywUFmbFY0DMOKLDErTqbSw4D_257cb_9_LaFi1cwyvk	6	2024-06-02 09:43:33.938
124	eyJhbGciOiJIUzI1NiIsInR5cCI6IkpXVCJ9.eyJlbWFpbCI6InN1YmFzaEBleWVtb3ZpYy5jb20iLCJpYXQiOjE3MTY3MTY4MTMsImV4cCI6MTcxNzMyMTYxM30.kS-zIUMylRhIaQyilDEzbj_3HHk5TQAEIWhtICDBrKU	6	2024-06-02 09:46:53.365
125	eyJhbGciOiJIUzI1NiIsInR5cCI6IkpXVCJ9.eyJlbWFpbCI6InN1YmFzaEBleWVtb3ZpYy5jb20iLCJpYXQiOjE3MTY3MTY4MTMsImV4cCI6MTcxNzMyMTYxM30.kS-zIUMylRhIaQyilDEzbj_3HHk5TQAEIWhtICDBrKU	6	2024-06-02 09:46:53.467
126	eyJhbGciOiJIUzI1NiIsInR5cCI6IkpXVCJ9.eyJlbWFpbCI6InN1YmFzaEBleWVtb3ZpYy5jb20iLCJpYXQiOjE3MTY3MTY4NDksImV4cCI6MTcxNzMyMTY0OX0.Wsgxw2c_xUUifyPwv56X5SCknj6C7wZT8DMsESrOsxY	6	2024-06-02 09:47:29.752
127	eyJhbGciOiJIUzI1NiIsInR5cCI6IkpXVCJ9.eyJlbWFpbCI6InN1YmFzaEBleWVtb3ZpYy5jb20iLCJpYXQiOjE3MTY3MTY4OTQsImV4cCI6MTcxNzMyMTY5NH0.aV6HdYh7aA8WM3x3UOMqrmT6ZLAdyRD1NV0DZ-37E_c	6	2024-06-02 09:48:14.925
128	eyJhbGciOiJIUzI1NiIsInR5cCI6IkpXVCJ9.eyJlbWFpbCI6InN1YmFzaEBleWVtb3ZpYy5jb20iLCJpYXQiOjE3MTY3MTY5MzksImV4cCI6MTcxNzMyMTczOX0.1hyXvYV0cklCTvMD1WieWVvRjW2Ox2Glu6OTo3lJbZo	6	2024-06-02 09:48:59.138
129	eyJhbGciOiJIUzI1NiIsInR5cCI6IkpXVCJ9.eyJlbWFpbCI6InN1YmFzaEBleWVtb3ZpYy5jb20iLCJpYXQiOjE3MTY3MTcxNDIsImV4cCI6MTcxNzMyMTk0Mn0.fA0tWX7PLnjp5twEXLsD7MBG8HFqjBp7sJi9zXIj_gs	6	2024-06-02 09:52:22.694
130	eyJhbGciOiJIUzI1NiIsInR5cCI6IkpXVCJ9.eyJlbWFpbCI6InN1YmFzaEBleWVtb3ZpYy5jb20iLCJpYXQiOjE3MTY3MTcxODEsImV4cCI6MTcxNzMyMTk4MX0.NW3nCGhqxxHsPG9jHNLf2ixcL-pAOl_YRsPWW5xVWGI	6	2024-06-02 09:53:01.64
131	eyJhbGciOiJIUzI1NiIsInR5cCI6IkpXVCJ9.eyJlbWFpbCI6InN1YmFzaEBleWVtb3ZpYy5jb20iLCJpYXQiOjE3MTY3MTcyMjMsImV4cCI6MTcxNzMyMjAyM30.LMKiHhgbRa0fiUwEYvPYi5_2bz10Xa-mqe_kqkud7V4	6	2024-06-02 09:53:43.224
132	eyJhbGciOiJIUzI1NiIsInR5cCI6IkpXVCJ9.eyJlbWFpbCI6InN1YmFzaEBleWVtb3ZpYy5jb20iLCJpYXQiOjE3MTY3MTc0NjcsImV4cCI6MTcxNzMyMjI2N30.8S-rS91pRh5gYbZwGnlNLzR5zkigGAQwE-GlN9AsK48	6	2024-06-02 09:57:47.002
133	eyJhbGciOiJIUzI1NiIsInR5cCI6IkpXVCJ9.eyJlbWFpbCI6InN1YmFzaEBleWVtb3ZpYy5jb20iLCJpYXQiOjE3MTY3MTc1MDQsImV4cCI6MTcxNzMyMjMwNH0.ndyRlb01-Tw_nb4jqkDuctFvvmLp0qhdPOJRwlzxbhU	6	2024-06-02 09:58:24.678
134	eyJhbGciOiJIUzI1NiIsInR5cCI6IkpXVCJ9.eyJlbWFpbCI6InN1YmFzaEBleWVtb3ZpYy5jb20iLCJpYXQiOjE3MTY3MTc1OTUsImV4cCI6MTcxNzMyMjM5NX0.ufWqPGP8JsqjyODYacqDqrAXJl2t5hMfxQ1yxJu86Sk	6	2024-06-02 09:59:55.238
135	eyJhbGciOiJIUzI1NiIsInR5cCI6IkpXVCJ9.eyJlbWFpbCI6InN1YmFzaEBleWVtb3ZpYy5jb20iLCJpYXQiOjE3MTY3MTc2NjMsImV4cCI6MTcxNzMyMjQ2M30.jfcQrl17BYQ2z0gnI0rEDT8CQVotRSNLx2Zxy_0BFp8	6	2024-06-02 10:01:03.618
136	eyJhbGciOiJIUzI1NiIsInR5cCI6IkpXVCJ9.eyJlbWFpbCI6InN1YmFzaEBleWVtb3ZpYy5jb20iLCJpYXQiOjE3MTY3MTc4NzIsImV4cCI6MTcxNzMyMjY3Mn0.cBuihtu9l6lpx8by2VatkG0qT7Gwt9fSgKSXoE3aa4s	6	2024-06-02 10:04:32.003
137	eyJhbGciOiJIUzI1NiIsInR5cCI6IkpXVCJ9.eyJlbWFpbCI6InN1YmFzaEBleWVtb3ZpYy5jb20iLCJpYXQiOjE3MTY3MTc5MTcsImV4cCI6MTcxNzMyMjcxN30.O7o4xWoNUwJaVLA_5LQzphTgDAc4-piJSjauhr9DYSI	6	2024-06-02 10:05:17.677
138	eyJhbGciOiJIUzI1NiIsInR5cCI6IkpXVCJ9.eyJlbWFpbCI6InN1YmFzaEBleWVtb3ZpYy5jb20iLCJpYXQiOjE3MTY3MTc5NjUsImV4cCI6MTcxNzMyMjc2NX0.lIypAj6eyubv9Ao7-FgI2RcPduW8F8aVzqfBhwnovUM	6	2024-06-02 10:06:05.205
139	eyJhbGciOiJIUzI1NiIsInR5cCI6IkpXVCJ9.eyJlbWFpbCI6InN1YmFzaEBleWVtb3ZpYy5jb20iLCJpYXQiOjE3MTY3MTg2MjcsImV4cCI6MTcxNzMyMzQyN30.i7gSCzdQc4Yzh3wWFHDgpZnCoJ1Bb4s4OrA_NfF2pkI	6	2024-06-02 10:17:07.847
140	eyJhbGciOiJIUzI1NiIsInR5cCI6IkpXVCJ9.eyJlbWFpbCI6InN1YmFzaEBleWVtb3ZpYy5jb20iLCJpYXQiOjE3MTY3MTg4ODMsImV4cCI6MTcxNzMyMzY4M30.8xQczVlifQPEieVkkQb7-fE4bwdT2jOqQnwsIdgaymQ	6	2024-06-02 10:21:23.081
141	eyJhbGciOiJIUzI1NiIsInR5cCI6IkpXVCJ9.eyJlbWFpbCI6InN1YmFzaEBleWVtb3ZpYy5jb20iLCJpYXQiOjE3MTY3MTg5MjEsImV4cCI6MTcxNzMyMzcyMX0.sd8rNTjG6mkAmXVHWdgDKZAe_xUEIHjc7amSkb33jfU	6	2024-06-02 10:22:01.833
142	eyJhbGciOiJIUzI1NiIsInR5cCI6IkpXVCJ9.eyJlbWFpbCI6InN1YmFzaEBleWVtb3ZpYy5jb20iLCJpYXQiOjE3MTY3MTg5NzksImV4cCI6MTcxNzMyMzc3OX0.lSqtIcV7bRFBybgCoihSBOBBg-E7pkaMUzu9vvN83YQ	6	2024-06-02 10:22:59.92
143	eyJhbGciOiJIUzI1NiIsInR5cCI6IkpXVCJ9.eyJlbWFpbCI6InN1YmFzaEBleWVtb3ZpYy5jb20iLCJpYXQiOjE3MTY3MTg5ODgsImV4cCI6MTcxNzMyMzc4OH0.raowFvJU3Wmfd27uizin0xZIwrC_3IriW3KjjEhHMcc	6	2024-06-02 10:23:08.323
144	eyJhbGciOiJIUzI1NiIsInR5cCI6IkpXVCJ9.eyJlbWFpbCI6InN1YmFzaEBleWVtb3ZpYy5jb20iLCJpYXQiOjE3MTY3MTkwNTQsImV4cCI6MTcxNzMyMzg1NH0.kfhGaCYUgGcazuqeLq8lJ0AGxHCKnLFd6TDjzwDgN0E	6	2024-06-02 10:24:14.74
145	eyJhbGciOiJIUzI1NiIsInR5cCI6IkpXVCJ9.eyJlbWFpbCI6InN1YmFzaEBleWVtb3ZpYy5jb20iLCJpYXQiOjE3MTY3MTkwNjAsImV4cCI6MTcxNzMyMzg2MH0.tOGHHZkzGljFt9TDRF6zYEXWc4in6w2AoM3vTLkIl7w	6	2024-06-02 10:24:20.157
146	eyJhbGciOiJIUzI1NiIsInR5cCI6IkpXVCJ9.eyJlbWFpbCI6InN1YmFzaEBleWVtb3ZpYy5jb20iLCJpYXQiOjE3MTY3MTkwODUsImV4cCI6MTcxNzMyMzg4NX0.gpk0lBiFydj3ofiy3souRSMw8r8T636147pYWcyGPUQ	6	2024-06-02 10:24:45.746
147	eyJhbGciOiJIUzI1NiIsInR5cCI6IkpXVCJ9.eyJlbWFpbCI6InN1YmFzaEBleWVtb3ZpYy5jb20iLCJpYXQiOjE3MTY3MTkwOTYsImV4cCI6MTcxNzMyMzg5Nn0.hUKwpVtfvsjAurgCtJ3GjUSpaHhWowyrYr_15kfbHng	6	2024-06-02 10:24:56.869
148	eyJhbGciOiJIUzI1NiIsInR5cCI6IkpXVCJ9.eyJlbWFpbCI6InN1YmFzaEBleWVtb3ZpYy5jb20iLCJpYXQiOjE3MTY3MTkxMzcsImV4cCI6MTcxNzMyMzkzN30.gM7rB_lXW3WMDOZTeilyDcdt6N_EbpCyod7PUR5vZYU	6	2024-06-02 10:25:37.82
149	eyJhbGciOiJIUzI1NiIsInR5cCI6IkpXVCJ9.eyJlbWFpbCI6InN1YmFzaEBleWVtb3ZpYy5jb20iLCJpYXQiOjE3MTY3MTkxNDEsImV4cCI6MTcxNzMyMzk0MX0.YsBzLIlcDFTCADf1PgHOly36QPP_GdvUMXB0EkYy4Es	6	2024-06-02 10:25:41.715
150	eyJhbGciOiJIUzI1NiIsInR5cCI6IkpXVCJ9.eyJlbWFpbCI6InN1YmFzaEBleWVtb3ZpYy5jb20iLCJpYXQiOjE3MTY3MTkxODcsImV4cCI6MTcxNzMyMzk4N30.j7T0mMScrnNBNrKq6B9yP6VIwHF1yEOBRMUsa0Q0iGc	6	2024-06-02 10:26:27.475
151	eyJhbGciOiJIUzI1NiIsInR5cCI6IkpXVCJ9.eyJlbWFpbCI6InN1YmFzaEBleWVtb3ZpYy5jb20iLCJpYXQiOjE3MTY3MTkyNDMsImV4cCI6MTcxNzMyNDA0M30.PQyBLysa5eysyNPr57JB50CkgqTqk6jcFquMXsMDbwM	6	2024-06-02 10:27:23.287
152	eyJhbGciOiJIUzI1NiIsInR5cCI6IkpXVCJ9.eyJlbWFpbCI6InN1YmFzaEBleWVtb3ZpYy5jb20iLCJpYXQiOjE3MTY3MTkyNjIsImV4cCI6MTcxNzMyNDA2Mn0.G2l_z0sZbzImPS3c9kWob7d63wDAQFClFI-v2u5CJi8	6	2024-06-02 10:27:42.81
153	eyJhbGciOiJIUzI1NiIsInR5cCI6IkpXVCJ9.eyJlbWFpbCI6InN1YmFzaEBleWVtb3ZpYy5jb20iLCJpYXQiOjE3MTY3MTkzMjgsImV4cCI6MTcxNzMyNDEyOH0.7T9YQ86XLO2ejMwp-rT0R8yyiJpe8Q7CIlUHczmcGYI	6	2024-06-02 10:28:48.305
154	eyJhbGciOiJIUzI1NiIsInR5cCI6IkpXVCJ9.eyJlbWFpbCI6InN1YmFzaEBleWVtb3ZpYy5jb20iLCJpYXQiOjE3MTY3MTkzNTksImV4cCI6MTcxNzMyNDE1OX0.EsZtg0Ds-g9IkayYjqQUUcMO0BxEJ79MeYztIVfBMeo	6	2024-06-02 10:29:19.236
155	eyJhbGciOiJIUzI1NiIsInR5cCI6IkpXVCJ9.eyJlbWFpbCI6InN1YmFzaEBleWVtb3ZpYy5jb20iLCJpYXQiOjE3MTY3MjI1MjgsImV4cCI6MTcxNzMyNzMyOH0.lqprBa0fRuoe39AZ2IqrZHVBMsr4zrCoDlBCtpRtctA	6	2024-06-02 11:22:08.364
156	eyJhbGciOiJIUzI1NiIsInR5cCI6IkpXVCJ9.eyJlbWFpbCI6InN1YmFzaEBleWVtb3ZpYy5jb20iLCJpYXQiOjE3MTY3MjI1NDEsImV4cCI6MTcxNzMyNzM0MX0.LGb4Nn5g5Bo-cWJnlds_beAm03UB0bHsdUc7eUOhRkE	6	2024-06-02 11:22:21.121
157	eyJhbGciOiJIUzI1NiIsInR5cCI6IkpXVCJ9.eyJlbWFpbCI6InN1YmFzaEBleWVtb3ZpYy5jb20iLCJpYXQiOjE3MTY3MjI5NjEsImV4cCI6MTcxNzMyNzc2MX0.ggY0yHNAnCXSy1OA_F0dIHfF3JnddtcQaypAyoGyKAY	6	2024-06-02 11:29:21.037
158	eyJhbGciOiJIUzI1NiIsInR5cCI6IkpXVCJ9.eyJlbWFpbCI6InN1YmFzaEBleWVtb3ZpYy5jb20iLCJpYXQiOjE3MTY3MjMwMTIsImV4cCI6MTcxNzMyNzgxMn0.Hd0lTX0Zmh2MyNVVlGN2kjdtDKsZgB7wsM6HJ4LhbYw	6	2024-06-02 11:30:12.471
159	eyJhbGciOiJIUzI1NiIsInR5cCI6IkpXVCJ9.eyJlbWFpbCI6InN1YmFzaEBleWVtb3ZpYy5jb20iLCJpYXQiOjE3MTY3MjMwNDQsImV4cCI6MTcxNzMyNzg0NH0.SlaX7B01o3R8CNwmKaGvL3BwO3aGBInGAV3y7l4dUcw	6	2024-06-02 11:30:44.087
160	eyJhbGciOiJIUzI1NiIsInR5cCI6IkpXVCJ9.eyJlbWFpbCI6InN1YmFzaEBleWVtb3ZpYy5jb20iLCJpYXQiOjE3MTY3MjM0MDAsImV4cCI6MTcxNzMyODIwMH0.zodIPiwAIrc3Vp4HjuoViZgIvGBkFQQyngQQejRecrE	6	2024-06-02 11:36:40.817
161	eyJhbGciOiJIUzI1NiIsInR5cCI6IkpXVCJ9.eyJlbWFpbCI6InN1YmFzaEBleWVtb3ZpYy5jb20iLCJpYXQiOjE3MTY3MjM0MDUsImV4cCI6MTcxNzMyODIwNX0.oRxhb2U_IxG8GVor5ObqoMnqwsUeYe3yS_cXlUfPhp8	6	2024-06-02 11:36:45.508
162	eyJhbGciOiJIUzI1NiIsInR5cCI6IkpXVCJ9.eyJlbWFpbCI6InN1YmFzaEBleWVtb3ZpYy5jb20iLCJpYXQiOjE3MTY3MjM0MTAsImV4cCI6MTcxNzMyODIxMH0._AeDxMysoVI4MU_RLev0Q9Mk547--9qlkyYbJdGlpg8	6	2024-06-02 11:36:50.124
163	eyJhbGciOiJIUzI1NiIsInR5cCI6IkpXVCJ9.eyJlbWFpbCI6InN1YmFzaEBleWVtb3ZpYy5jb20iLCJpYXQiOjE3MTY3MjM0MTMsImV4cCI6MTcxNzMyODIxM30.D4Rt_stmxkK0B3NQa36IoHlYCs_OKCHvjF6ej83pwb0	6	2024-06-02 11:36:53.93
164	eyJhbGciOiJIUzI1NiIsInR5cCI6IkpXVCJ9.eyJlbWFpbCI6InN1YmFzaEBleWVtb3ZpYy5jb20iLCJpYXQiOjE3MTY3MjM0NjgsImV4cCI6MTcxNzMyODI2OH0.n-HOkeelgiZnnwgx3PpJS236H7hk1MDr9dq7hwFOmiE	6	2024-06-02 11:37:48.675
165	eyJhbGciOiJIUzI1NiIsInR5cCI6IkpXVCJ9.eyJlbWFpbCI6InN1YmFzaEBleWVtb3ZpYy5jb20iLCJpYXQiOjE3MTY3MjM0NzMsImV4cCI6MTcxNzMyODI3M30.rzUNtTBV1JOrR07vfugf5HI7veZQJk5MiyJifUi2MAU	6	2024-06-02 11:37:53.309
166	eyJhbGciOiJIUzI1NiIsInR5cCI6IkpXVCJ9.eyJlbWFpbCI6InN1YmFzaEBleWVtb3ZpYy5jb20iLCJpYXQiOjE3MTY3MjQ3MzYsImV4cCI6MTcxNzMyOTUzNn0.qSjphTiueeuLsDwAgK_RQqm-IAdcMd6JJ7kA3S7arzU	6	2024-06-02 11:58:56.872
167	eyJhbGciOiJIUzI1NiIsInR5cCI6IkpXVCJ9.eyJlbWFpbCI6InN1YmFzaEBleWVtb3ZpYy5jb20iLCJpYXQiOjE3MTY3MjQ3NjksImV4cCI6MTcxNzMyOTU2OX0.KkhS7HNkOVPavj9ME84e_Qs-wq9ydLkxHPyMryWPuGw	6	2024-06-02 11:59:29.437
168	eyJhbGciOiJIUzI1NiIsInR5cCI6IkpXVCJ9.eyJlbWFpbCI6InN1YmFzaEBleWVtb3ZpYy5jb20iLCJpYXQiOjE3MTY3MjQ3NzUsImV4cCI6MTcxNzMyOTU3NX0.zVVAqlJE2KI7rFYfn_tk2jPI6A4xWRqx2J66P1YcOFE	6	2024-06-02 11:59:35.345
169	eyJhbGciOiJIUzI1NiIsInR5cCI6IkpXVCJ9.eyJlbWFpbCI6InN1YmFzaEBleWVtb3ZpYy5jb20iLCJpYXQiOjE3MTY3MjQ3ODAsImV4cCI6MTcxNzMyOTU4MH0.vM4V4br06WQUXg1uSIHgEfRVw2BKWycHdJsUG18gS6Y	6	2024-06-02 11:59:40.712
170	eyJhbGciOiJIUzI1NiIsInR5cCI6IkpXVCJ9.eyJlbWFpbCI6InN1YmFzaEBleWVtb3ZpYy5jb20iLCJpYXQiOjE3MTY3MjQ3OTAsImV4cCI6MTcxNzMyOTU5MH0.ETEzAbu7ofoz3eKTuTn0MbXAbmeAd1HYD_TWZ8G9xJI	6	2024-06-02 11:59:50.677
171	eyJhbGciOiJIUzI1NiIsInR5cCI6IkpXVCJ9.eyJlbWFpbCI6InN1YmFzaEBleWVtb3ZpYy5jb20iLCJpYXQiOjE3MTY3MjQ3OTQsImV4cCI6MTcxNzMyOTU5NH0.slGwOs_JiWrxhvuMyJIeKv2lZdiezuuGbnfIBwoIzHs	6	2024-06-02 11:59:54.541
172	eyJhbGciOiJIUzI1NiIsInR5cCI6IkpXVCJ9.eyJlbWFpbCI6InN1YmFzaEBleWVtb3ZpYy5jb20iLCJpYXQiOjE3MTY3MjQ4MDAsImV4cCI6MTcxNzMyOTYwMH0.Vj9869QMhuxJgvqDHL_vU9gCibMnvEgtKkn23KbSTcE	6	2024-06-02 12:00:00.577
173	eyJhbGciOiJIUzI1NiIsInR5cCI6IkpXVCJ9.eyJlbWFpbCI6InN1YmFzaEBleWVtb3ZpYy5jb20iLCJpYXQiOjE3MTY3MjQ4MDUsImV4cCI6MTcxNzMyOTYwNX0.wjMjl0Wp26j2eE9iaX6KL09A-s3IFi3o9WFoeLihCtM	6	2024-06-02 12:00:05.487
174	eyJhbGciOiJIUzI1NiIsInR5cCI6IkpXVCJ9.eyJlbWFpbCI6InN1YmFzaEBleWVtb3ZpYy5jb20iLCJpYXQiOjE3MTY3MjQ4MDksImV4cCI6MTcxNzMyOTYwOX0.844cX7Yum79IdBOXCZ2ne4931pXoNsCLac4rObUaGXA	6	2024-06-02 12:00:09.797
175	eyJhbGciOiJIUzI1NiIsInR5cCI6IkpXVCJ9.eyJlbWFpbCI6InN1YmFzaEBleWVtb3ZpYy5jb20iLCJpYXQiOjE3MTY3MjU3NTEsImV4cCI6MTcxNzMzMDU1MX0.yrALDuGRK5pzKukCaGqLhtJyXWrWZKUwmDjsIzaa74A	6	2024-06-02 12:15:51.633
176	eyJhbGciOiJIUzI1NiIsInR5cCI6IkpXVCJ9.eyJlbWFpbCI6InN1YmFzaEBleWVtb3ZpYy5jb20iLCJpYXQiOjE3MTY3MjU4MzUsImV4cCI6MTcxNzMzMDYzNX0.FdlYe5mYUBtAOp8rdUYNsqbGctwFLnlQNNW6XxFVV_8	6	2024-06-02 12:17:15.743
177	eyJhbGciOiJIUzI1NiIsInR5cCI6IkpXVCJ9.eyJlbWFpbCI6InN1YmFzaEBleWVtb3ZpYy5jb20iLCJpYXQiOjE3MTY3MjU4NjksImV4cCI6MTcxNzMzMDY2OX0.UBC5INYIFTtXheIJgcFHskQlZt3_rg_ezQ-pEK-0KxM	6	2024-06-02 12:17:49.188
178	eyJhbGciOiJIUzI1NiIsInR5cCI6IkpXVCJ9.eyJlbWFpbCI6InN1YmFzaEBleWVtb3ZpYy5jb20iLCJpYXQiOjE3MTY3MjU4NzQsImV4cCI6MTcxNzMzMDY3NH0.sPNed1vG0FLpElAkddndoCcfMwtIvx6MyMg3rHL9SBQ	6	2024-06-02 12:17:54.988
179	eyJhbGciOiJIUzI1NiIsInR5cCI6IkpXVCJ9.eyJlbWFpbCI6InN1YmFzaEBleWVtb3ZpYy5jb20iLCJpYXQiOjE3MTY3MjU4ODYsImV4cCI6MTcxNzMzMDY4Nn0.aPp35vEqXEdvoyPtpnZIMVqWAGGGCFZztVGVBUD3n70	6	2024-06-02 12:18:06.031
180	eyJhbGciOiJIUzI1NiIsInR5cCI6IkpXVCJ9.eyJlbWFpbCI6InN1YmFzaEBleWVtb3ZpYy5jb20iLCJpYXQiOjE3MTY3MjU4OTEsImV4cCI6MTcxNzMzMDY5MX0.11FnluKMY4jFo_OSRLZ9-i6blwx7PwqVL3akNb0ImRo	6	2024-06-02 12:18:11.255
181	eyJhbGciOiJIUzI1NiIsInR5cCI6IkpXVCJ9.eyJlbWFpbCI6InN1YmFzaEBleWVtb3ZpYy5jb20iLCJpYXQiOjE3MTY3MjU5MDYsImV4cCI6MTcxNzMzMDcwNn0.s17Re4BNpoW2BKxwp3aH9pnUPRfDqGV6ekRGNn1t510	6	2024-06-02 12:18:26.797
182	eyJhbGciOiJIUzI1NiIsInR5cCI6IkpXVCJ9.eyJlbWFpbCI6InN1YmFzaEBleWVtb3ZpYy5jb20iLCJpYXQiOjE3MTY3MjU5MTAsImV4cCI6MTcxNzMzMDcxMH0.E43zzX3TjnqTTVsxpvbbC_sFiiIBkiw76yvkZ-Xt7Jo	6	2024-06-02 12:18:30.419
183	eyJhbGciOiJIUzI1NiIsInR5cCI6IkpXVCJ9.eyJlbWFpbCI6InN1YmFzaEBleWVtb3ZpYy5jb20iLCJpYXQiOjE3MTY3MjU5MTQsImV4cCI6MTcxNzMzMDcxNH0.R9Mawg0cRfyacy1NIQi0QhXt6jTlUIJsWLr6i--KLog	6	2024-06-02 12:18:34.902
185	eyJhbGciOiJIUzI1NiIsInR5cCI6IkpXVCJ9.eyJlbWFpbCI6InN1YmFzaEBleWVtb3ZpYy5jb20iLCJpYXQiOjE3MTY3MjYwMDgsImV4cCI6MTcxNzMzMDgwOH0.evJv-d2o05I1cB7AZX6vjipw2SLwhp6iSsvbMOqW1JE	6	2024-06-02 12:20:08.875
187	eyJhbGciOiJIUzI1NiIsInR5cCI6IkpXVCJ9.eyJlbWFpbCI6InN1YmFzaEBleWVtb3ZpYy5jb20iLCJpYXQiOjE3MTY3MjYwNDIsImV4cCI6MTcxNzMzMDg0Mn0.2_ev_EAMAKTRwKD2A_5_0mNuxt0tXNppOfnSkjhQN_0	6	2024-06-02 12:20:42.706
188	eyJhbGciOiJIUzI1NiIsInR5cCI6IkpXVCJ9.eyJlbWFpbCI6InN1YmFzaEBleWVtb3ZpYy5jb20iLCJpYXQiOjE3MTY3MjYwODEsImV4cCI6MTcxNzMzMDg4MX0.M9ik2f9ZBpzDDe5BH33ALMtSbe39X3xIW9W_AQev_7I	6	2024-06-02 12:21:21.769
189	eyJhbGciOiJIUzI1NiIsInR5cCI6IkpXVCJ9.eyJlbWFpbCI6InN1YmFzaEBleWVtb3ZpYy5jb20iLCJpYXQiOjE3MTY3MjYwODcsImV4cCI6MTcxNzMzMDg4N30.-Cdhn3O8OIlGOR2aMNwjVpPUN8U2VrFCZrmw5BJgZbg	6	2024-06-02 12:21:27.186
190	eyJhbGciOiJIUzI1NiIsInR5cCI6IkpXVCJ9.eyJlbWFpbCI6InN1YmFzaEBleWVtb3ZpYy5jb20iLCJpYXQiOjE3MTY3MjYwOTEsImV4cCI6MTcxNzMzMDg5MX0.5--nZjzP8-dKGxx_MioLMGDsWIQYSKUIDjRDQEsqsTY	6	2024-06-02 12:21:31.084
191	eyJhbGciOiJIUzI1NiIsInR5cCI6IkpXVCJ9.eyJlbWFpbCI6InN1YmFzaEBleWVtb3ZpYy5jb20iLCJpYXQiOjE3MTY3MjYwOTUsImV4cCI6MTcxNzMzMDg5NX0.7Xqz90a8l3HqLqDCt2-Kokd5yldbVLQ_AGiIz4tID4E	6	2024-06-02 12:21:35.099
192	eyJhbGciOiJIUzI1NiIsInR5cCI6IkpXVCJ9.eyJlbWFpbCI6InN1YmFzaEBleWVtb3ZpYy5jb20iLCJpYXQiOjE3MTY3MjYyMjgsImV4cCI6MTcxNzMzMTAyOH0.7Ikw381Fi-_3JSlKky2pqxMZFXsL3l-5RWuov-BvHLI	6	2024-06-02 12:23:48.169
193	eyJhbGciOiJIUzI1NiIsInR5cCI6IkpXVCJ9.eyJlbWFpbCI6InN1YmFzaEBleWVtb3ZpYy5jb20iLCJpYXQiOjE3MTY3MjYyMzMsImV4cCI6MTcxNzMzMTAzM30.eEccP7leBLSE6bfJ-U54vGrUzmsytltbacfbZYlGOC0	6	2024-06-02 12:23:53.818
194	eyJhbGciOiJIUzI1NiIsInR5cCI6IkpXVCJ9.eyJlbWFpbCI6InN1YmFzaEBleWVtb3ZpYy5jb20iLCJpYXQiOjE3MTY3MjYyNTcsImV4cCI6MTcxNzMzMTA1N30.Fy06i3vQF4vbCPoMnvN2IOAhH54qwWy6B1Z6X6rE0VM	6	2024-06-02 12:24:17.838
195	eyJhbGciOiJIUzI1NiIsInR5cCI6IkpXVCJ9.eyJlbWFpbCI6InN1YmFzaEBleWVtb3ZpYy5jb20iLCJpYXQiOjE3MTY3MjYyNjQsImV4cCI6MTcxNzMzMTA2NH0.i2cExIctkp7RE3pFmMipXgQiMlMwMIkdm8YwGBSWSsg	6	2024-06-02 12:24:24.605
196	eyJhbGciOiJIUzI1NiIsInR5cCI6IkpXVCJ9.eyJlbWFpbCI6InN1YmFzaEBleWVtb3ZpYy5jb20iLCJpYXQiOjE3MTY3MjYzNzUsImV4cCI6MTcxNzMzMTE3NX0.1ACCqVb56n3cal8XVV_HV4cHWHSvny81bPI5li-TqCs	6	2024-06-02 12:26:15.54
197	eyJhbGciOiJIUzI1NiIsInR5cCI6IkpXVCJ9.eyJlbWFpbCI6InN1YmFzaEBleWVtb3ZpYy5jb20iLCJpYXQiOjE3MTY3MjYzODAsImV4cCI6MTcxNzMzMTE4MH0.9FeE6qZGhIsps5AJ6iNWwM0PdZ9iGgikU_krlW_9Ffw	6	2024-06-02 12:26:20.101
200	eyJhbGciOiJIUzI1NiIsInR5cCI6IkpXVCJ9.eyJlbWFpbCI6InN1YmFzaEBleWVtb3ZpYy5jb20iLCJpYXQiOjE3MTY3Mjc1MjIsImV4cCI6MTcxNzMzMjMyMn0.hhpjFQiKK6_tc25GCtyR3vKxh4lm-uRH7yR61W405kY	6	2024-06-02 12:45:22.917
201	eyJhbGciOiJIUzI1NiIsInR5cCI6IkpXVCJ9.eyJlbWFpbCI6InN1YmFzaEBleWVtb3ZpYy5jb20iLCJpYXQiOjE3MTY3MzEzNjQsImV4cCI6MTcxNzMzNjE2NH0.uiOUb2Qc5r_U8aGNWe3plia1A7TjyixvDxOJQRYvJJw	6	2024-06-02 13:49:24.452
202	eyJhbGciOiJIUzI1NiIsInR5cCI6IkpXVCJ9.eyJlbWFpbCI6InN1YmFzaEBleWVtb3ZpYy5jb20iLCJpYXQiOjE3MTY3MzU5OTksImV4cCI6MTcxNzM0MDc5OX0.IDtUS_AtCOg8TuoCoB1mJnsxhkzBLPqXnDOXEGaahIc	6	2024-06-02 15:06:39.304
203	eyJhbGciOiJIUzI1NiIsInR5cCI6IkpXVCJ9.eyJlbWFpbCI6InN1YmFzaEBleWVtb3ZpYy5jb20iLCJpYXQiOjE3MTY3Mzk3NjYsImV4cCI6MTcxNzM0NDU2Nn0.03fcJDAtAj0Sqeli3fbG3kKL-Fxtc7Gz_pOkauNrhac	6	2024-06-02 16:09:26.457
206	eyJhbGciOiJIUzI1NiIsInR5cCI6IkpXVCJ9.eyJlbWFpbCI6InN1YmFzaEBleWVtb3ZpYy5jb20iLCJpYXQiOjE3MTY3NzQwNjcsImV4cCI6MTcxNzM3ODg2N30.uwVlrsNKqDjICh6SLcAUVCKxATxMnHrICi6UmslvebE	6	2024-06-03 01:41:07.461
207	eyJhbGciOiJIUzI1NiIsInR5cCI6IkpXVCJ9.eyJlbWFpbCI6InN1YmFzaEBleWVtb3ZpYy5jb20iLCJpYXQiOjE3MTY3Nzc3NjIsImV4cCI6MTcxNzM4MjU2Mn0.uyD7Lrp5mirqdPbVA6QSs5EHdDsU8xe1Vkl2KI21m1Y	6	2024-06-03 02:42:42.783
208	eyJhbGciOiJIUzI1NiIsInR5cCI6IkpXVCJ9.eyJlbWFpbCI6InN1YmFzaEBleWVtb3ZpYy5jb20iLCJpYXQiOjE3MTY3Nzc4MDYsImV4cCI6MTcxNzM4MjYwNn0.Y7ktt3MXuOhk181CAncTQu-ji84ibOdRlwN4NSw_Hgw	6	2024-06-03 02:43:26.74
209	eyJhbGciOiJIUzI1NiIsInR5cCI6IkpXVCJ9.eyJlbWFpbCI6InN1YmFzaEBleWVtb3ZpYy5jb20iLCJpYXQiOjE3MTY3Nzc4MDcsImV4cCI6MTcxNzM4MjYwN30.GZPV1jx7PQCLF1RMCM7lo-abi8SA7FvQMVTRQu4sEvs	6	2024-06-03 02:43:27.563
210	eyJhbGciOiJIUzI1NiIsInR5cCI6IkpXVCJ9.eyJlbWFpbCI6InN1YmFzaEBleWVtb3ZpYy5jb20iLCJpYXQiOjE3MTY3Nzc4MDgsImV4cCI6MTcxNzM4MjYwOH0.A3GpzJg-bnlEt4Alhk_8Cl-dao_Op-kcwEUicx0hD-E	6	2024-06-03 02:43:28.434
211	eyJhbGciOiJIUzI1NiIsInR5cCI6IkpXVCJ9.eyJlbWFpbCI6InN1YmFzaEBleWVtb3ZpYy5jb20iLCJpYXQiOjE3MTY3Nzc4NDksImV4cCI6MTcxNzM4MjY0OX0.8GcjfB2OiZ7V5kAYgkwJAWxdMUq1KRb1kbo1MU1JTDw	6	2024-06-03 02:44:09.411
212	eyJhbGciOiJIUzI1NiIsInR5cCI6IkpXVCJ9.eyJlbWFpbCI6InN1YmFzaEBleWVtb3ZpYy5jb20iLCJpYXQiOjE3MTY3Nzc4NTEsImV4cCI6MTcxNzM4MjY1MX0.z-cflSSWVY-PCCC0o6tj7eOwP0qxIGAKNQSSykqZ3n0	6	2024-06-03 02:44:11.278
213	eyJhbGciOiJIUzI1NiIsInR5cCI6IkpXVCJ9.eyJlbWFpbCI6InN1YmFzaEBleWVtb3ZpYy5jb20iLCJpYXQiOjE3MTY3Nzc4NTQsImV4cCI6MTcxNzM4MjY1NH0.n0L6tOhv5PqwcJXczmg7kOGfCdIscSlwFm2slSJJbdo	6	2024-06-03 02:44:14.896
214	eyJhbGciOiJIUzI1NiIsInR5cCI6IkpXVCJ9.eyJlbWFpbCI6InN1YmFzaEBleWVtb3ZpYy5jb20iLCJpYXQiOjE3MTY3Nzc4NTUsImV4cCI6MTcxNzM4MjY1NX0.JlSlPuz52XXH4UUwlUPxqJKnkyvGtgkG4KMmx5osTVs	6	2024-06-03 02:44:15.728
215	eyJhbGciOiJIUzI1NiIsInR5cCI6IkpXVCJ9.eyJlbWFpbCI6InN1YmFzaEBleWVtb3ZpYy5jb20iLCJpYXQiOjE3MTY3Nzc4NTYsImV4cCI6MTcxNzM4MjY1Nn0.ETZYzpC1m9FpC3Rsc_kQUnQUg3JZv7Q62o1tgQyGsBA	6	2024-06-03 02:44:16.86
216	eyJhbGciOiJIUzI1NiIsInR5cCI6IkpXVCJ9.eyJlbWFpbCI6InN1YmFzaEBleWVtb3ZpYy5jb20iLCJpYXQiOjE3MTY3Nzc4NTcsImV4cCI6MTcxNzM4MjY1N30.KWzGXUbor4XCZigNiCfLOopTMjRiZUDcumkGRtMuDQE	6	2024-06-03 02:44:17.347
217	eyJhbGciOiJIUzI1NiIsInR5cCI6IkpXVCJ9.eyJlbWFpbCI6InN1YmFzaEBleWVtb3ZpYy5jb20iLCJpYXQiOjE3MTY3Nzc5MjEsImV4cCI6MTcxNzM4MjcyMX0.KbZ8z0Wc73pG51jl_JVwQAFcjE_5TkN6hN0RkrFcKok	6	2024-06-03 02:45:21.134
218	eyJhbGciOiJIUzI1NiIsInR5cCI6IkpXVCJ9.eyJlbWFpbCI6InN1YmFzaEBleWVtb3ZpYy5jb20iLCJpYXQiOjE3MTY3Nzc5NTgsImV4cCI6MTcxNzM4Mjc1OH0.tA5-GEcBF0Vlk3auhrAZflaLpmCc34U3ogdRD4AKczk	6	2024-06-03 02:45:58.241
219	eyJhbGciOiJIUzI1NiIsInR5cCI6IkpXVCJ9.eyJlbWFpbCI6InN1YmFzaEBleWVtb3ZpYy5jb20iLCJpYXQiOjE3MTY3ODE1ODYsImV4cCI6MTcxNzM4NjM4Nn0.5Xe1DjK5wTcIzuZHfYGAT3fQr7mGWIz1bGa9i8HnRAc	6	2024-06-03 03:46:26.741
220	eyJhbGciOiJIUzI1NiIsInR5cCI6IkpXVCJ9.eyJlbWFpbCI6InN1YmFzaEBleWVtb3ZpYy5jb20iLCJpYXQiOjE3MTY3ODU2NjQsImV4cCI6MTcxNzM5MDQ2NH0.2FeTRKZB4GiOStNxbJPzB5GIKQb9e-1G6RCpj3cQeRs	6	2024-06-03 04:54:24.406
221	eyJhbGciOiJIUzI1NiIsInR5cCI6IkpXVCJ9.eyJlbWFpbCI6InN1YmFzaEBleWVtb3ZpYy5jb20iLCJpYXQiOjE3MTY3ODU2NjcsImV4cCI6MTcxNzM5MDQ2N30.wpF7suoohNftkLeYKvCvZJ0ai2HGw69kht4r8ncaaPw	6	2024-06-03 04:54:27.94
222	eyJhbGciOiJIUzI1NiIsInR5cCI6IkpXVCJ9.eyJlbWFpbCI6InN1YmFzaEBleWVtb3ZpYy5jb20iLCJpYXQiOjE3MTY3ODU2NjgsImV4cCI6MTcxNzM5MDQ2OH0.KWcI-pTv7S4M8YUYewSfqTvTNTjJrP_w-pPwNdnbz6Y	6	2024-06-03 04:54:28.622
223	eyJhbGciOiJIUzI1NiIsInR5cCI6IkpXVCJ9.eyJlbWFpbCI6InN1YmFzaEBleWVtb3ZpYy5jb20iLCJpYXQiOjE3MTY3ODU2NjksImV4cCI6MTcxNzM5MDQ2OX0.8LWYl56L-JIlhwsSpF6tqRfZzK5tqwz0hWpd_LMHvYg	6	2024-06-03 04:54:29.58
224	eyJhbGciOiJIUzI1NiIsInR5cCI6IkpXVCJ9.eyJlbWFpbCI6InN1YmFzaEBleWVtb3ZpYy5jb20iLCJpYXQiOjE3MTY3ODU2NzEsImV4cCI6MTcxNzM5MDQ3MX0.64PgCOcYPc6HjDjPNIlsM4S2SfMIQTiFyVJBEL_14DU	6	2024-06-03 04:54:31.003
225	eyJhbGciOiJIUzI1NiIsInR5cCI6IkpXVCJ9.eyJlbWFpbCI6InN1YmFzaEBleWVtb3ZpYy5jb20iLCJpYXQiOjE3MTY3OTAxODIsImV4cCI6MTcxNzM5NDk4Mn0.lpf9MJS4a1In6SfTsvfEEDCVCC8mAafNb6-oNfDwcI4	6	2024-06-03 06:09:42.304
227	eyJhbGciOiJIUzI1NiIsInR5cCI6IkpXVCJ9.eyJlbWFpbCI6InN1YmFzaEBleWVtb3ZpYy5jb20iLCJpYXQiOjE3MTY3OTcyMTcsImV4cCI6MTcxNzQwMjAxN30.6VuRfg_qot7G2QfvuwnvrIqT3wNFRH3J5HJtPu6ap9c	6	2024-06-03 08:06:57.666
228	eyJhbGciOiJIUzI1NiIsInR5cCI6IkpXVCJ9.eyJlbWFpbCI6InN1YmFzaEBleWVtb3ZpYy5jb20iLCJpYXQiOjE3MTY4MDE5MTUsImV4cCI6MTcxNzQwNjcxNX0.28-CzCjg567FJpeDmIUX7tfsL2bbl2hRICsEX428mLE	6	2024-06-03 09:25:15.997
229	eyJhbGciOiJIUzI1NiIsInR5cCI6IkpXVCJ9.eyJlbWFpbCI6InN1YmFzaEBleWVtb3ZpYy5jb20iLCJpYXQiOjE3MTY4MDU5MDMsImV4cCI6MTcxNzQxMDcwM30.L74PSvc03eNdf9WJqz9dP3UYojju4uE7g6k3EtaqFI4	6	2024-06-03 10:31:43.901
230	eyJhbGciOiJIUzI1NiIsInR5cCI6IkpXVCJ9.eyJlbWFpbCI6InN1YmFzaEBleWVtb3ZpYy5jb20iLCJpYXQiOjE3MTY4MTEwNjUsImV4cCI6MTcxNzQxNTg2NX0._QlE3ewSoDlHJajfP4NQ5CoasxkPnGuQmbLqtE_Fbpg	6	2024-06-03 11:57:45.973
231	eyJhbGciOiJIUzI1NiIsInR5cCI6IkpXVCJ9.eyJlbWFpbCI6InN1YmFzaEBleWVtb3ZpYy5jb20iLCJpYXQiOjE3MTY4MTUyOTEsImV4cCI6MTcxNzQyMDA5MX0.YwINwF28pnScml5HVv7W5jTc8k26QjpV_s9sI4focXs	6	2024-06-03 13:08:11.871
232	eyJhbGciOiJIUzI1NiIsInR5cCI6IkpXVCJ9.eyJlbWFpbCI6InN1YmFzaEBleWVtb3ZpYy5jb20iLCJpYXQiOjE3MTY4MTg5MDcsImV4cCI6MTcxNzQyMzcwN30.6Gja-TQRoc9vcIAlfT9GvCES_WcqjfIhbJiLYktjCzo	6	2024-06-03 14:08:27.353
234	eyJhbGciOiJIUzI1NiIsInR5cCI6IkpXVCJ9.eyJlbWFpbCI6InN1YmFzaEBleWVtb3ZpYy5jb20iLCJpYXQiOjE3MTY4MjM3MTEsImV4cCI6MTcxNzQyODUxMX0.bxe6fMRbUNM91rVuE6JzO93WoU7a42cFi1NLKWXTxPo	6	2024-06-03 15:28:31.796
235	eyJhbGciOiJIUzI1NiIsInR5cCI6IkpXVCJ9.eyJlbWFpbCI6InN1YmFzaEBleWVtb3ZpYy5jb20iLCJpYXQiOjE3MTY4NTM3MDgsImV4cCI6MTcxNzQ1ODUwOH0.vEc7umur2Hbi-GsQoKy-l-hIZQYI1smpMnV-sMtKR2k	6	2024-06-03 23:48:28.488
236	eyJhbGciOiJIUzI1NiIsInR5cCI6IkpXVCJ9.eyJlbWFpbCI6InN1YmFzaEBleWVtb3ZpYy5jb20iLCJpYXQiOjE3MTY4OTQxMzQsImV4cCI6MTcxNzQ5ODkzNH0.IUKiMyOoboGSX7LWaWjUq55UeuWGE2hNkpqpRtcLIpE	6	2024-06-04 11:02:14.398
237	eyJhbGciOiJIUzI1NiIsInR5cCI6IkpXVCJ9.eyJlbWFpbCI6InN1YmFzaEBleWVtb3ZpYy5jb20iLCJpYXQiOjE3MTY4OTgxNTcsImV4cCI6MTcxNzUwMjk1N30.HxfW6EeyMdzzKFD_e0MXBrvCD0J7of94SJQFb0KbHe4	6	2024-06-04 12:09:17.36
241	eyJhbGciOiJIUzI1NiIsInR5cCI6IkpXVCJ9.eyJlbWFpbCI6InN1YmFzaEBleWVtb3ZpYy5jb20iLCJpYXQiOjE3MTcwNTM3NDksImV4cCI6MTcxNzY1ODU0OX0.xKV03Fht2MUbTG3ZO9tRDYMIGJj6yVSiWZYQrmre8cM	6	2024-06-06 07:22:29.76
242	eyJhbGciOiJIUzI1NiIsInR5cCI6IkpXVCJ9.eyJlbWFpbCI6InN1YmFzaEBleWVtb3ZpYy5jb20iLCJpYXQiOjE3MTcwNjMxMDYsImV4cCI6MTcxNzY2NzkwNn0.fvDxeOoKKrZs2YVn-lF9NrUmyDsdgxaR7rT9OT0UxAM	6	2024-06-06 09:58:26.932
243	eyJhbGciOiJIUzI1NiIsInR5cCI6IkpXVCJ9.eyJlbWFpbCI6InN1YmFzaHJpamFsNUBnbWFpbC5jb20iLCJpYXQiOjE3MTcyNzEyMzAsImV4cCI6MTcxNzg3NjAzMH0.lWFJEVWc4TYI7mtv_tDCd1yBhc5F7zbCaPedzswMC28	8	2024-06-08 19:47:10.445
244	eyJhbGciOiJIUzI1NiIsInR5cCI6IkpXVCJ9.eyJlbWFpbCI6InN1YmFzaHJpamFsNUBnbWFpbC5jb20iLCJpYXQiOjE3MTcyNzUxMjcsImV4cCI6MTcxNzg3OTkyN30.1PbeIVowkQeO_-iCXH3qnCqojKp5jIGeAVpmqj5vQds	8	2024-06-08 20:52:07.256
245	eyJhbGciOiJIUzI1NiIsInR5cCI6IkpXVCJ9.eyJlbWFpbCI6InN1YmFzaHJpamFsNUBnbWFpbC5jb20iLCJpYXQiOjE3MTcyNzk3NjksImV4cCI6MTcxNzg4NDU2OX0.maEclLdAX2Y8KnFm5tGXlBZViHaNM16WlDX-PFja3T0	8	2024-06-08 22:09:29.812
246	eyJhbGciOiJIUzI1NiIsInR5cCI6IkpXVCJ9.eyJlbWFpbCI6InN1YmFzaHJpamFsNUBnbWFpbC5jb20iLCJpYXQiOjE3MTcyODEwNTcsImV4cCI6MTcxNzg4NTg1N30.CUF8WGCrTwdLv2pMafWD7pCYa_CcBQH8f0vsKc0P6bA	8	2024-06-08 22:30:57.028
247	eyJhbGciOiJIUzI1NiIsInR5cCI6IkpXVCJ9.eyJlbWFpbCI6InN1YmFzaHJpamFsNUBnbWFpbC5jb20iLCJpYXQiOjE3MTcyODEzNDAsImV4cCI6MTcxNzg4NjE0MH0.UyPRDdV6CncfHRqRSkX1J2z7C8eGLgDhtyQL_yakr-k	8	2024-06-08 22:35:40.809
248	eyJhbGciOiJIUzI1NiIsInR5cCI6IkpXVCJ9.eyJlbWFpbCI6InN1YmFzaHJpamFsNUBnbWFpbC5jb20iLCJpYXQiOjE3MTcyODE0MTAsImV4cCI6MTcxNzg4NjIxMH0.V_0Coeg_iijsN4NYYNmktrhbpuMZEsv-OBJuUkQp7Vc	8	2024-06-08 22:36:50.074
249	eyJhbGciOiJIUzI1NiIsInR5cCI6IkpXVCJ9.eyJlbWFpbCI6InN1YmFzaHJpamFsNUBnbWFpbC5jb20iLCJpYXQiOjE3MTcyODE0MjMsImV4cCI6MTcxNzg4NjIyM30.LCQ103fmcH-6cfNFISlKdP9ovFmuQeC6vDN9EwJYrRY	8	2024-06-08 22:37:03.811
250	eyJhbGciOiJIUzI1NiIsInR5cCI6IkpXVCJ9.eyJlbWFpbCI6InN1YmFzaHJpamFsNUBnbWFpbC5jb20iLCJpYXQiOjE3MTcyODE1MTEsImV4cCI6MTcxNzg4NjMxMX0.sE3u2tRaSg-KRpef6aedjynS7mt3rtWrm2iUUDZh9SA	8	2024-06-08 22:38:31.228
251	eyJhbGciOiJIUzI1NiIsInR5cCI6IkpXVCJ9.eyJlbWFpbCI6InN1YmFzaHJpamFsNUBnbWFpbC5jb20iLCJpYXQiOjE3MTcyODE4MzcsImV4cCI6MTcxNzg4NjYzN30.DERIbx_c3tY4lhKrdiYJ5n8rnFoXic7sIUdL9frOTtU	8	2024-06-08 22:43:57.888
252	eyJhbGciOiJIUzI1NiIsInR5cCI6IkpXVCJ9.eyJlbWFpbCI6InN1YmFzaHJpamFsNUBnbWFpbC5jb20iLCJpYXQiOjE3MTcyODE4ODgsImV4cCI6MTcxNzg4NjY4OH0.bbb2wwc4jeNcqmzcxd7UTXA1HKmhgRlxkzLcgofG4qE	8	2024-06-08 22:44:48.632
253	eyJhbGciOiJIUzI1NiIsInR5cCI6IkpXVCJ9.eyJlbWFpbCI6InN1YmFzaHJpamFsNUBnbWFpbC5jb20iLCJpYXQiOjE3MTcyOTc2NzUsImV4cCI6MTcxNzkwMjQ3NX0._yqaeuAod_iC_ljJrCh4ZNSZgfVflpDq9xblOqx0MXM	8	2024-06-09 03:07:55.547
254	eyJhbGciOiJIUzI1NiIsInR5cCI6IkpXVCJ9.eyJlbWFpbCI6InN1YmFzaHJpamFsNUBnbWFpbC5jb20iLCJpYXQiOjE3MTcyOTc2OTksImV4cCI6MTcxNzkwMjQ5OX0.EC7f95N-bkUG7S-oS0lNGVGyF1AaydWUkK0Uo566_f4	8	2024-06-09 03:08:19.112
256	eyJhbGciOiJIUzI1NiIsInR5cCI6IkpXVCJ9.eyJlbWFpbCI6InN1YmFzaHJpamFsNUBnbWFpbC5jb20iLCJpYXQiOjE3MTcyOTc4MzEsImV4cCI6MTcxNzkwMjYzMX0.o_sYAPdoQEMyrHnpVdd5tGGs-XoPicGbFszYfc74O3o	8	2024-06-09 03:10:31.517
261	eyJhbGciOiJIUzI1NiIsInR5cCI6IkpXVCJ9.eyJlbWFpbCI6InN1YmFzaHJpamFsNUBnbWFpbC5jb20iLCJpYXQiOjE3MTcyOTgyMjIsImV4cCI6MTcxNzkwMzAyMn0.tm5iAOd_jaXixsUkJ7NWX9yMk2IDLK7FHChhck_2i2k	8	2024-06-09 03:17:02.344
262	eyJhbGciOiJIUzI1NiIsInR5cCI6IkpXVCJ9.eyJlbWFpbCI6IkVkZW4zMUBnbWFpbC5jb20iLCJpYXQiOjE3MTczMTc5NjQsImV4cCI6MTcxNzkyMjc2NH0.4TiC0Lnhwk3K2vewRvSesxmc7cqhBZ_LKQ3wF342pcI	11	2024-06-09 08:46:04.137
263	eyJhbGciOiJIUzI1NiIsInR5cCI6IkpXVCJ9.eyJlbWFpbCI6IkFsYmVydG82MEBnbWFpbC5jb20iLCJpYXQiOjE3MTczMTg1NzUsImV4cCI6MTcxNzkyMzM3NX0.2qBk9K5NG7O0h9pscyYnWOqb7E1zLFmvZ38Rw7fJx1s	12	2024-06-09 08:56:15.457
264	eyJhbGciOiJIUzI1NiIsInR5cCI6IkpXVCJ9.eyJlbWFpbCI6Ik1hZ2RhbGVuLkRpY2tlbnNAZ21haWwuY29tIiwiaWF0IjoxNzE3MzE4NTc1LCJleHAiOjE3MTc5MjMzNzV9.vV-pETzhIyzUDldE4Z-HZjPErvNSrp08g7IEIIRSoLQ	13	2024-06-09 08:56:15.616
265	eyJhbGciOiJIUzI1NiIsInR5cCI6IkpXVCJ9.eyJlbWFpbCI6Iktlbnlvbl9HdWxnb3dza2k4MkB5YWhvby5jb20iLCJpYXQiOjE3MTczMTg1NzUsImV4cCI6MTcxNzkyMzM3NX0.FA5-dodzbKXL9kqyV7KIuvablviloTKHh0RxRBBj7IE	14	2024-06-09 08:56:15.747
266	eyJhbGciOiJIUzI1NiIsInR5cCI6IkpXVCJ9.eyJlbWFpbCI6IkJyb29rZS5QcmljZTgzQHlhaG9vLmNvbSIsImlhdCI6MTcxNzMxODgzNSwiZXhwIjoxNzE3OTIzNjM1fQ.3Ub4FEUFY-NsgT5ydrYGwykwerCmb6-GpCqe_oDgd-I	15	2024-06-09 09:00:35.556
267	eyJhbGciOiJIUzI1NiIsInR5cCI6IkpXVCJ9.eyJlbWFpbCI6IkFiZHVsbGFoLlBvdXJvc0B5YWhvby5jb20iLCJpYXQiOjE3MTczMTg4MzUsImV4cCI6MTcxNzkyMzYzNX0.IgADtu4Ns9vhnPAJJNDI92au7Q_8QqeWz1Jd8u3HIFw	16	2024-06-09 09:00:35.706
268	eyJhbGciOiJIUzI1NiIsInR5cCI6IkpXVCJ9.eyJlbWFpbCI6IkthdGhlcmluZS5EYXZpc0Bob3RtYWlsLmNvbSIsImlhdCI6MTcxNzMxODkwOCwiZXhwIjoxNzE3OTIzNzA4fQ.g3Bi8CdtO2tLmU1Z_dOdpJZY8I2nbgCpefKQuFapl3c	17	2024-06-09 09:01:48.968
269	eyJhbGciOiJIUzI1NiIsInR5cCI6IkpXVCJ9.eyJlbWFpbCI6IkNhdGhyeW5fR3JhZHlAZ21haWwuY29tIiwiaWF0IjoxNzE3MzE4OTA5LCJleHAiOjE3MTc5MjM3MDl9.neLmR5NCyyQzfnYipLXt36-8AqowmCK-cRhCXgLcHHk	18	2024-06-09 09:01:49.16
270	eyJhbGciOiJIUzI1NiIsInR5cCI6IkpXVCJ9.eyJlbWFpbCI6IkFuZ2VsX01jQ3VsbG91Z2hAaG90bWFpbC5jb20iLCJpYXQiOjE3MTczMTg5NjAsImV4cCI6MTcxNzkyMzc2MH0.NadPbuY6TC7EKTL7lKEpIo0VA__UxHnvrv-uRG7Hs-w	19	2024-06-09 09:02:40.008
271	eyJhbGciOiJIUzI1NiIsInR5cCI6IkpXVCJ9.eyJlbWFpbCI6IlJveGFubmVfSmFza29sc2tpQGhvdG1haWwuY29tIiwiaWF0IjoxNzE3MzE4OTYwLCJleHAiOjE3MTc5MjM3NjB9.7q-Ei5rRQRd8CKmLTkWoy4F1CUS206-gTvuyV9d4FUA	20	2024-06-09 09:02:40.188
272	eyJhbGciOiJIUzI1NiIsInR5cCI6IkpXVCJ9.eyJlbWFpbCI6IkNsYXJrX1dlaW1hbm4xMUBnbWFpbC5jb20iLCJpYXQiOjE3MTczMTkwMTQsImV4cCI6MTcxNzkyMzgxNH0.fP74_KZG-8aVidP8TC8TZigiQj9MeU3rVv0BuM0ZK1g	21	2024-06-09 09:03:34.763
273	eyJhbGciOiJIUzI1NiIsInR5cCI6IkpXVCJ9.eyJlbWFpbCI6Ik1hbGlrYS5NY0Rlcm1vdHQ5NUBob3RtYWlsLmNvbSIsImlhdCI6MTcxNzMxOTAxNCwiZXhwIjoxNzE3OTIzODE0fQ.rLp8KVDyxe1Hbak5VXjUTOt35PeYgqFR8W_XV2GiuB8	22	2024-06-09 09:03:34.929
274	eyJhbGciOiJIUzI1NiIsInR5cCI6IkpXVCJ9.eyJlbWFpbCI6IktvbGUuSmFjb2JpNTJAeWFob28uY29tIiwiaWF0IjoxNzE3MzE5MDYwLCJleHAiOjE3MTc5MjM4NjB9.8GQxloNVAe43Pc783EHFNZ-BBBDXxAlthMk3Swq-Lzs	23	2024-06-09 09:04:20.317
275	eyJhbGciOiJIUzI1NiIsInR5cCI6IkpXVCJ9.eyJlbWFpbCI6IkpvYW5hLlVwdG9uQGdtYWlsLmNvbSIsImlhdCI6MTcxNzMxOTA2MCwiZXhwIjoxNzE3OTIzODYwfQ.n8MmReOElx7Iks6NwNUAmlNPxX9b41ZLELNvfR4dS6g	24	2024-06-09 09:04:20.491
276	eyJhbGciOiJIUzI1NiIsInR5cCI6IkpXVCJ9.eyJlbWFpbCI6InRlc3RAZXhhbXBsZS5jb20iLCJpYXQiOjE3MTczMTkxNjMsImV4cCI6MTcxNzkyMzk2M30.AjerBKvd4Px6W-OXZufsu1ihW_uENOoOqXZgdng7kKw	9	2024-06-09 09:06:03.085
277	eyJhbGciOiJIUzI1NiIsInR5cCI6IkpXVCJ9.eyJlbWFpbCI6IktheWxpX01heWVyQGdtYWlsLmNvbSIsImlhdCI6MTcxNzMxOTE2MywiZXhwIjoxNzE3OTIzOTYzfQ.3Bsh_MvSnMssr_5umqbOhwz4eMdtVEBPbcbkdD8ZBks	25	2024-06-09 09:06:03.144
278	eyJhbGciOiJIUzI1NiIsInR5cCI6IkpXVCJ9.eyJlbWFpbCI6IlZlcmxhLkNvbGxpbnNAaG90bWFpbC5jb20iLCJpYXQiOjE3MTczMTkxNjMsImV4cCI6MTcxNzkyMzk2M30.zl0ZG3JzWUm-CNSKTXQ7hSAUo1NuY4xryk6eW9FfPic	26	2024-06-09 09:06:03.318
279	eyJhbGciOiJIUzI1NiIsInR5cCI6IkpXVCJ9.eyJlbWFpbCI6InRlc3RAZXhhbXBsZS5jb20iLCJpYXQiOjE3MTczMTkyMDIsImV4cCI6MTcxNzkyNDAwMn0.i5wr-Nc4OC5NZlGPbkuxboxM20nckwc-h5xZ7mUh2nM	9	2024-06-09 09:06:42.397
280	eyJhbGciOiJIUzI1NiIsInR5cCI6IkpXVCJ9.eyJlbWFpbCI6Ik1lZ2FuZV9Ib2RraWV3aWN6QHlhaG9vLmNvbSIsImlhdCI6MTcxNzMxOTIwMiwiZXhwIjoxNzE3OTI0MDAyfQ.TFAs7D2R-fYINO_ybbeqeECs2C7RstbXHXu26JFsdzM	27	2024-06-09 09:06:42.463
281	eyJhbGciOiJIUzI1NiIsInR5cCI6IkpXVCJ9.eyJlbWFpbCI6IlJvZHJpZ29fUm9kcmlndWV6LVJlaWNoZWw1MkBob3RtYWlsLmNvbSIsImlhdCI6MTcxNzMxOTIwMiwiZXhwIjoxNzE3OTI0MDAyfQ.Pga_X3guaNLXb9tpVWQUO7D_eVnLYl0jqLCT3gjtYfE	28	2024-06-09 09:06:42.661
282	eyJhbGciOiJIUzI1NiIsInR5cCI6IkpXVCJ9.eyJlbWFpbCI6InRlc3RAZXhhbXBsZS5jb20iLCJpYXQiOjE3MTczMTkyMzQsImV4cCI6MTcxNzkyNDAzNH0.xcODu6PccvIlHn5VUbuZKrwgEugyhepEE9Yt68lqxnk	9	2024-06-09 09:07:14.958
283	eyJhbGciOiJIUzI1NiIsInR5cCI6IkpXVCJ9.eyJlbWFpbCI6IlRhbm5lcjJAaG90bWFpbC5jb20iLCJpYXQiOjE3MTczMTkyMzUsImV4cCI6MTcxNzkyNDAzNX0.ES1a3AL1hIgXF9SJlB12kaKFYIQTfg0VHJDeVDf1-D4	29	2024-06-09 09:07:15.012
284	eyJhbGciOiJIUzI1NiIsInR5cCI6IkpXVCJ9.eyJlbWFpbCI6Ik1hbHZpbmEuUmVpbGx5QGhvdG1haWwuY29tIiwiaWF0IjoxNzE3MzE5MjM1LCJleHAiOjE3MTc5MjQwMzV9.Enbu-04_AXC4mVZSG6UE9SNgyRQSzUHaK2uiVxH9EmA	30	2024-06-09 09:07:15.191
285	eyJhbGciOiJIUzI1NiIsInR5cCI6IkpXVCJ9.eyJlbWFpbCI6InRlc3RAZXhhbXBsZS5jb20iLCJpYXQiOjE3MTczMTkyNTQsImV4cCI6MTcxNzkyNDA1NH0.SxJ9IbqK2ixgIv4kcUJi3Hl13nF6-7_F8d5tiRDQEns	9	2024-06-09 09:07:34.524
286	eyJhbGciOiJIUzI1NiIsInR5cCI6IkpXVCJ9.eyJlbWFpbCI6IkplZGVkaWFoLk11bGxlcjkxQGdtYWlsLmNvbSIsImlhdCI6MTcxNzMxOTI1NCwiZXhwIjoxNzE3OTI0MDU0fQ.aRPoFW7GvWAFtjecoo88aLGje09DoRy06aW9uWjY9xk	31	2024-06-09 09:07:34.584
287	eyJhbGciOiJIUzI1NiIsInR5cCI6IkpXVCJ9.eyJlbWFpbCI6Ik5pZ2VsLkphY29icy1TdHJvbWFuNDBAZ21haWwuY29tIiwiaWF0IjoxNzE3MzE5MjU0LCJleHAiOjE3MTc5MjQwNTR9.LU1XmE7mprSWo6kVSYG-78ddL8c1pBjW_2Dt-UvVB_8	32	2024-06-09 09:07:34.763
288	eyJhbGciOiJIUzI1NiIsInR5cCI6IkpXVCJ9.eyJlbWFpbCI6InRlc3RAZXhhbXBsZS5jb20iLCJpYXQiOjE3MTczMTkzNDEsImV4cCI6MTcxNzkyNDE0MX0.URsEel5-7jo6yoDiqZwyfZeIIz3L6CHXZpy8jO-_j_s	9	2024-06-09 09:09:01.991
289	eyJhbGciOiJIUzI1NiIsInR5cCI6IkpXVCJ9.eyJlbWFpbCI6IkpvZHlfQmFycm93czU1QGhvdG1haWwuY29tIiwiaWF0IjoxNzE3MzE5MzQyLCJleHAiOjE3MTc5MjQxNDJ9.1gS19gEFCBrWIXwPNGXOH53gZ48nmRpHHWlHRwtnVzA	33	2024-06-09 09:09:02.051
290	eyJhbGciOiJIUzI1NiIsInR5cCI6IkpXVCJ9.eyJlbWFpbCI6IkthcmwuUXVpdHpvbkBob3RtYWlsLmNvbSIsImlhdCI6MTcxNzMxOTM0MiwiZXhwIjoxNzE3OTI0MTQyfQ.MyiN31eVAs4adfdV2PLCKmhhTorp8A3CgWdXPdLrEng	34	2024-06-09 09:09:02.25
291	eyJhbGciOiJIUzI1NiIsInR5cCI6IkpXVCJ9.eyJlbWFpbCI6InRlc3RAZXhhbXBsZS5jb20iLCJpYXQiOjE3MTczMTkzNzQsImV4cCI6MTcxNzkyNDE3NH0.YcJJevdYw7MRL2TFnQ2nUQA6Kzm4Mj-mv26XZZf1XzE	9	2024-06-09 09:09:34.12
292	eyJhbGciOiJIUzI1NiIsInR5cCI6IkpXVCJ9.eyJlbWFpbCI6IkFudHdhbi5Xb2xmZjI0QGhvdG1haWwuY29tIiwiaWF0IjoxNzE3MzE5Mzc0LCJleHAiOjE3MTc5MjQxNzR9.PJmrEvp8s0oyMTWC210ziyePh5ZIDtlpWOqbsME9iGc	35	2024-06-09 09:09:34.173
293	eyJhbGciOiJIUzI1NiIsInR5cCI6IkpXVCJ9.eyJlbWFpbCI6IkFuYWJlbF9IYWxleTY4QGdtYWlsLmNvbSIsImlhdCI6MTcxNzMxOTM3NCwiZXhwIjoxNzE3OTI0MTc0fQ.ef2XsluUw_RFBYs_Bw1S_GPPNzGmFVL4GEUc3E4t8k0	36	2024-06-09 09:09:34.349
294	eyJhbGciOiJIUzI1NiIsInR5cCI6IkpXVCJ9.eyJlbWFpbCI6InRlc3RAZXhhbXBsZS5jb20iLCJpYXQiOjE3MTczMTk0MzAsImV4cCI6MTcxNzkyNDIzMH0.SJ3yig5ZelQoc7R1sWnaxZGgGXFwjdD2X2wSyoZ1JLI	9	2024-06-09 09:10:30.358
295	eyJhbGciOiJIUzI1NiIsInR5cCI6IkpXVCJ9.eyJlbWFpbCI6IkplYW5uZTQzQHlhaG9vLmNvbSIsImlhdCI6MTcxNzMxOTQzMCwiZXhwIjoxNzE3OTI0MjMwfQ.pL4lyGpD9mgKGtC69ZRWi4ejy5qOo0uC0HHEFWSf7Ik	37	2024-06-09 09:10:30.416
296	eyJhbGciOiJIUzI1NiIsInR5cCI6IkpXVCJ9.eyJlbWFpbCI6Ikplbm5pZmVyNzRAZ21haWwuY29tIiwiaWF0IjoxNzE3MzE5NDMwLCJleHAiOjE3MTc5MjQyMzB9.39zzP2esUmFP4mRxh0jhE5VFtcVEsp44PDIFhk6hCMw	38	2024-06-09 09:10:30.591
297	eyJhbGciOiJIUzI1NiIsInR5cCI6IkpXVCJ9.eyJlbWFpbCI6InRlc3RAZXhhbXBsZS5jb20iLCJpYXQiOjE3MTczMTk0NDEsImV4cCI6MTcxNzkyNDI0MX0.tjeJffhAQbBRv-1sx347akRNkmf22H9N8WgG6Q2I6D8	9	2024-06-09 09:10:41.934
298	eyJhbGciOiJIUzI1NiIsInR5cCI6IkpXVCJ9.eyJlbWFpbCI6IkxpbGlhbjIzQGdtYWlsLmNvbSIsImlhdCI6MTcxNzMxOTQ0MiwiZXhwIjoxNzE3OTI0MjQyfQ.YOaCJ81fTgDwwg8n5Z3BWP6WeFy5XwFd4X5eiIOkajc	39	2024-06-09 09:10:42.014
299	eyJhbGciOiJIUzI1NiIsInR5cCI6IkpXVCJ9.eyJlbWFpbCI6IkpheWRhLlNjaG9lbjg4QGhvdG1haWwuY29tIiwiaWF0IjoxNzE3MzE5NDQyLCJleHAiOjE3MTc5MjQyNDJ9.2TEv3C3WtIOM80rrsSuMr3789_nozdmvlJfNO-smRRI	40	2024-06-09 09:10:42.182
300	eyJhbGciOiJIUzI1NiIsInR5cCI6IkpXVCJ9.eyJlbWFpbCI6InRlc3RAZXhhbXBsZS5jb20iLCJpYXQiOjE3MTczMTk0NTQsImV4cCI6MTcxNzkyNDI1NH0.TdpEJvdg7Ek_8hcU0ZlcdvO3VrEYarw6PWBlBd0hgRw	9	2024-06-09 09:10:54.445
301	eyJhbGciOiJIUzI1NiIsInR5cCI6IkpXVCJ9.eyJlbWFpbCI6IkNhcm9sODZAaG90bWFpbC5jb20iLCJpYXQiOjE3MTczMTk0NTQsImV4cCI6MTcxNzkyNDI1NH0.5sahO5QsyA8NJzQPewGVkb6j1u9tI2_uz2CFB-BHxXs	41	2024-06-09 09:10:54.499
302	eyJhbGciOiJIUzI1NiIsInR5cCI6IkpXVCJ9.eyJlbWFpbCI6Ik1lZGEuVWxscmljaDU5QGhvdG1haWwuY29tIiwiaWF0IjoxNzE3MzE5NDU0LCJleHAiOjE3MTc5MjQyNTR9.JHxKSdHcsJ734GbgkK4Zw6rthq8WdF0WaeaRu6fv27Q	42	2024-06-09 09:10:54.669
303	eyJhbGciOiJIUzI1NiIsInR5cCI6IkpXVCJ9.eyJlbWFpbCI6InRlc3RAZXhhbXBsZS5jb20iLCJpYXQiOjE3MTczMTk1NDksImV4cCI6MTcxNzkyNDM0OX0.epKFKLRN5mC2N_JImN3rW4_XGyf2PdaSKBxRLIaZ0kU	9	2024-06-09 09:12:29.315
304	eyJhbGciOiJIUzI1NiIsInR5cCI6IkpXVCJ9.eyJlbWFpbCI6IkpldHRpZS5MdWVpbHdpdHotV2l6YUB5YWhvby5jb20iLCJpYXQiOjE3MTczMTk1NDksImV4cCI6MTcxNzkyNDM0OX0.PaSeGnaQ2M9IkAIgjP9ds1yIOcGcq2J4gUiRK6f4H2g	43	2024-06-09 09:12:29.378
305	eyJhbGciOiJIUzI1NiIsInR5cCI6IkpXVCJ9.eyJlbWFpbCI6IkthZGVuMTVAZ21haWwuY29tIiwiaWF0IjoxNzE3MzE5NTQ5LCJleHAiOjE3MTc5MjQzNDl9.bIDJxVtFRe7b6F4I46FbkZmmaHTGDvNyRVYYnbnhWvY	44	2024-06-09 09:12:29.552
306	eyJhbGciOiJIUzI1NiIsInR5cCI6IkpXVCJ9.eyJlbWFpbCI6InRlc3RAZXhhbXBsZS5jb20iLCJpYXQiOjE3MTczMTk1NjcsImV4cCI6MTcxNzkyNDM2N30.CYENJalxSMcFHJdrIGqZzoXFL-IkId9u6u2e2OL2aO0	9	2024-06-09 09:12:47.738
307	eyJhbGciOiJIUzI1NiIsInR5cCI6IkpXVCJ9.eyJlbWFpbCI6IkFuaXlhLkNyb25pbi1CbGljazUyQHlhaG9vLmNvbSIsImlhdCI6MTcxNzMxOTU2NywiZXhwIjoxNzE3OTI0MzY3fQ.qsyrVne7hONJJfZas9dEs64cSDMICioMA3zeFC38vao	45	2024-06-09 09:12:47.778
308	eyJhbGciOiJIUzI1NiIsInR5cCI6IkpXVCJ9.eyJlbWFpbCI6IktleW9uLk11ZWxsZXI3MEBob3RtYWlsLmNvbSIsImlhdCI6MTcxNzMxOTU2NywiZXhwIjoxNzE3OTI0MzY3fQ.3JnuiGXPywwUI23MQ4JvF5ZbsL6qhoEv0Hyxe1r8hK8	46	2024-06-09 09:12:47.954
309	eyJhbGciOiJIUzI1NiIsInR5cCI6IkpXVCJ9.eyJlbWFpbCI6InRlc3RAZXhhbXBsZS5jb20iLCJpYXQiOjE3MTczMTk1OTksImV4cCI6MTcxNzkyNDM5OX0.XsroR_uVygpynvqv38omeIJAsHXssltQxw8irx70kiY	9	2024-06-09 09:13:19.01
310	eyJhbGciOiJIUzI1NiIsInR5cCI6IkpXVCJ9.eyJlbWFpbCI6IlF1aW50b25fRmFoZXk0NUBnbWFpbC5jb20iLCJpYXQiOjE3MTczMTk1OTksImV4cCI6MTcxNzkyNDM5OX0.JXSCt5q7HLDuWxcPzP40Rgte-4WSf_-vR2cMvGEbGjU	47	2024-06-09 09:13:19.059
311	eyJhbGciOiJIUzI1NiIsInR5cCI6IkpXVCJ9.eyJlbWFpbCI6IkFsYW5uYV9XaWxsaWFtc29uQHlhaG9vLmNvbSIsImlhdCI6MTcxNzMxOTU5OSwiZXhwIjoxNzE3OTI0Mzk5fQ.RfosK1hcmWhN8JK-_WQSAf9RMzSAbwNjQm0exY2SJ0o	48	2024-06-09 09:13:19.23
312	eyJhbGciOiJIUzI1NiIsInR5cCI6IkpXVCJ9.eyJlbWFpbCI6InRlc3RAZXhhbXBsZS5jb20iLCJpYXQiOjE3MTczMTk2OTcsImV4cCI6MTcxNzkyNDQ5N30.ajsTqrQe3zMCKwM3mqhNed1wu4RIZs5bLX9krSRChNQ	9	2024-06-09 09:14:57.61
313	eyJhbGciOiJIUzI1NiIsInR5cCI6IkpXVCJ9.eyJlbWFpbCI6IktlbHRvbjg5QGdtYWlsLmNvbSIsImlhdCI6MTcxNzMxOTY5NywiZXhwIjoxNzE3OTI0NDk3fQ.CtSfbnxrVcCI-ewbqaFQVqWqub5X7vAKor9ppc6ImtY	49	2024-06-09 09:14:57.664
314	eyJhbGciOiJIUzI1NiIsInR5cCI6IkpXVCJ9.eyJlbWFpbCI6Ik90dGlzMzlAZ21haWwuY29tIiwiaWF0IjoxNzE3MzE5Njk3LCJleHAiOjE3MTc5MjQ0OTd9.OLsvq61F3Q1DTIxzlt3aQ8BeqOBpCT290WCNMGBfYtg	50	2024-06-09 09:14:57.833
315	eyJhbGciOiJIUzI1NiIsInR5cCI6IkpXVCJ9.eyJlbWFpbCI6InRlc3RAZXhhbXBsZS5jb20iLCJpYXQiOjE3MTczMTk3MjAsImV4cCI6MTcxNzkyNDUyMH0.VCmc1Q3dxdTfqBKoIGbTfyVbBwTni_RCe64cztRmDtI	9	2024-06-09 09:15:20.176
316	eyJhbGciOiJIUzI1NiIsInR5cCI6IkpXVCJ9.eyJlbWFpbCI6IlN1c2FubmE4NkBob3RtYWlsLmNvbSIsImlhdCI6MTcxNzMxOTcyMCwiZXhwIjoxNzE3OTI0NTIwfQ.gWUBWgrLBf1XQ-J_Jjurp86s_OujUW04ZlvrGCizwWk	51	2024-06-09 09:15:20.227
317	eyJhbGciOiJIUzI1NiIsInR5cCI6IkpXVCJ9.eyJlbWFpbCI6IkRlbGZpbmFfUmVubmVyQHlhaG9vLmNvbSIsImlhdCI6MTcxNzMxOTcyMCwiZXhwIjoxNzE3OTI0NTIwfQ.69tTNGFRzXMmh3VS053UQFF-eSegjnpuNR4vzEfhiCA	52	2024-06-09 09:15:20.398
318	eyJhbGciOiJIUzI1NiIsInR5cCI6IkpXVCJ9.eyJlbWFpbCI6InRlc3RAZXhhbXBsZS5jb20iLCJpYXQiOjE3MTczMTk3NTMsImV4cCI6MTcxNzkyNDU1M30.iL1bT_lJWMLAZvA3HmmzKgQcWcEVgo5perHIlizszpo	9	2024-06-09 09:15:53.31
319	eyJhbGciOiJIUzI1NiIsInR5cCI6IkpXVCJ9.eyJlbWFpbCI6IktvYnlfU2Nocm9lZGVyQGhvdG1haWwuY29tIiwiaWF0IjoxNzE3MzE5NzUzLCJleHAiOjE3MTc5MjQ1NTN9.WscPotAcnxaKdvxbduWloN7wjAKdEONyz7IhLeY7a9Y	53	2024-06-09 09:15:53.365
320	eyJhbGciOiJIUzI1NiIsInR5cCI6IkpXVCJ9.eyJlbWFpbCI6IlJlZWRfSGlsbGxAeWFob28uY29tIiwiaWF0IjoxNzE3MzE5NzUzLCJleHAiOjE3MTc5MjQ1NTN9.KgSjMHxL8irpEP_4U6dzA_B72zaIJZ10qmQOf6sFOnw	54	2024-06-09 09:15:53.535
321	eyJhbGciOiJIUzI1NiIsInR5cCI6IkpXVCJ9.eyJlbWFpbCI6InRlc3RAZXhhbXBsZS5jb20iLCJpYXQiOjE3MTczMTk4MjIsImV4cCI6MTcxNzkyNDYyMn0.c6qLaRUmFsMGfKF4lp-6qx9xN5mzJm1KpDOWj7Y9Djc	9	2024-06-09 09:17:02.855
322	eyJhbGciOiJIUzI1NiIsInR5cCI6IkpXVCJ9.eyJlbWFpbCI6Ik1heGllLlBvd2xvd3NraTM0QGdtYWlsLmNvbSIsImlhdCI6MTcxNzMxOTgyMiwiZXhwIjoxNzE3OTI0NjIyfQ.OR08u3Hr28-1DaFs2xlyx2EeznijCSyTDW6n4Ad75FI	55	2024-06-09 09:17:02.918
323	eyJhbGciOiJIUzI1NiIsInR5cCI6IkpXVCJ9.eyJlbWFpbCI6IkZlZGVyaWNvLkxhcmtpbkBnbWFpbC5jb20iLCJpYXQiOjE3MTczMTk4MjMsImV4cCI6MTcxNzkyNDYyM30.CJ4fnpcQJ4mCD4yXFF-GYRsFAlcyS6wYBzfpxqiopXA	56	2024-06-09 09:17:03.09
324	eyJhbGciOiJIUzI1NiIsInR5cCI6IkpXVCJ9.eyJlbWFpbCI6InRlc3RAZXhhbXBsZS5jb20iLCJpYXQiOjE3MTczMTk4NzQsImV4cCI6MTcxNzkyNDY3NH0.D_hSklmgAIbQ5d3GCdGInRriFn8x7GLfGqPanBnSEDY	9	2024-06-09 09:17:54.38
325	eyJhbGciOiJIUzI1NiIsInR5cCI6IkpXVCJ9.eyJlbWFpbCI6Ikplcm1haW5fSGlja2xlQGhvdG1haWwuY29tIiwiaWF0IjoxNzE3MzE5ODc0LCJleHAiOjE3MTc5MjQ2NzR9.H0aLgO5mUoed9hoxZ2jjDmzIbAYmC0NiscCrhtuZzkg	57	2024-06-09 09:17:54.423
326	eyJhbGciOiJIUzI1NiIsInR5cCI6IkpXVCJ9.eyJlbWFpbCI6IkphbWFsLkxhcmtpbkB5YWhvby5jb20iLCJpYXQiOjE3MTczMTk4NzQsImV4cCI6MTcxNzkyNDY3NH0.0_x90t5M40SIg-trH07i37j3qsHMqgD1_TmJwRi64qk	58	2024-06-09 09:17:54.644
327	eyJhbGciOiJIUzI1NiIsInR5cCI6IkpXVCJ9.eyJlbWFpbCI6InRlc3RAZXhhbXBsZS5jb20iLCJpYXQiOjE3MTczMTk5NjUsImV4cCI6MTcxNzkyNDc2NX0.5pZ301CKpxgKD2-ABrM3pzVU5rJIliodlEXkDBmSXrs	9	2024-06-09 09:19:25.291
328	eyJhbGciOiJIUzI1NiIsInR5cCI6IkpXVCJ9.eyJlbWFpbCI6IkRhc2lhLlBhZ2FjQGdtYWlsLmNvbSIsImlhdCI6MTcxNzMxOTk2NSwiZXhwIjoxNzE3OTI0NzY1fQ.S3FUxpbe6uE3LRKEgLV1CZjhR1ng5JNiJ5S0d1rRo8M	59	2024-06-09 09:19:25.34
329	eyJhbGciOiJIUzI1NiIsInR5cCI6IkpXVCJ9.eyJlbWFpbCI6IkR3aWdodF9SZWlsbHk3MUBnbWFpbC5jb20iLCJpYXQiOjE3MTczMTk5NjUsImV4cCI6MTcxNzkyNDc2NX0.80ru8n1-UKm2Y-h4l3pcwSVcmqM7XZS0Ge5L01B39eY	60	2024-06-09 09:19:25.52
330	eyJhbGciOiJIUzI1NiIsInR5cCI6IkpXVCJ9.eyJlbWFpbCI6InRlc3RAZXhhbXBsZS5jb20iLCJpYXQiOjE3MTczMjAwMjcsImV4cCI6MTcxNzkyNDgyN30.6g2F4KZExCsZVhhIdcQd5vSwcXfgfJeBVRUn01pxqE4	9	2024-06-09 09:20:27.316
331	eyJhbGciOiJIUzI1NiIsInR5cCI6IkpXVCJ9.eyJlbWFpbCI6IlRpbmEuQm9laG1AaG90bWFpbC5jb20iLCJpYXQiOjE3MTczMjAwMjcsImV4cCI6MTcxNzkyNDgyN30.UwZXbvYZXGjaPK2eJ74ogRAmKZWGVF5kidjCcQWgbnc	61	2024-06-09 09:20:27.366
332	eyJhbGciOiJIUzI1NiIsInR5cCI6IkpXVCJ9.eyJlbWFpbCI6IkJldHR5OTFAeWFob28uY29tIiwiaWF0IjoxNzE3MzIwMDI3LCJleHAiOjE3MTc5MjQ4Mjd9.Q1A-ZPkFM3GBT-4wTj9KemUdPWab-HwDYFimI-jeqro	62	2024-06-09 09:20:27.53
333	eyJhbGciOiJIUzI1NiIsInR5cCI6IkpXVCJ9.eyJlbWFpbCI6InRlc3RAZXhhbXBsZS5jb20iLCJpYXQiOjE3MTczMjAwOTAsImV4cCI6MTcxNzkyNDg5MH0.QwMd93ANFtutIYmpazrbCZbGunP_pRak8kps37GWT9g	9	2024-06-09 09:21:30.697
334	eyJhbGciOiJIUzI1NiIsInR5cCI6IkpXVCJ9.eyJlbWFpbCI6Ik1pc2FlbC5EYW5pZWwyMEBob3RtYWlsLmNvbSIsImlhdCI6MTcxNzMyMDA5MCwiZXhwIjoxNzE3OTI0ODkwfQ.zFfKqVf5ghIjOcQlBgLzgVB6hJycEVhNYax1P6be6Rg	63	2024-06-09 09:21:30.751
335	eyJhbGciOiJIUzI1NiIsInR5cCI6IkpXVCJ9.eyJlbWFpbCI6IkJldHRpZTJAeWFob28uY29tIiwiaWF0IjoxNzE3MzIwMDkwLCJleHAiOjE3MTc5MjQ4OTB9.hJD5_iWZc3f93R_8eZMoJOP5MNTmrKJ3bk3HkHBfC6I	64	2024-06-09 09:21:30.915
336	eyJhbGciOiJIUzI1NiIsInR5cCI6IkpXVCJ9.eyJlbWFpbCI6InRlc3RAZXhhbXBsZS5jb20iLCJpYXQiOjE3MTczMjAxMzQsImV4cCI6MTcxNzkyNDkzNH0.ue_MLG0uJVyIeFNUZl-RNiRjQytSEMy62d57K3V-Lf8	9	2024-06-09 09:22:14.586
337	eyJhbGciOiJIUzI1NiIsInR5cCI6IkpXVCJ9.eyJlbWFpbCI6IlJhY2hlbGxlMzhAaG90bWFpbC5jb20iLCJpYXQiOjE3MTczMjAxMzQsImV4cCI6MTcxNzkyNDkzNH0.elxepD4LeqUdEbGj6zViOYC_POVofcMXH_CETxl73io	65	2024-06-09 09:22:14.635
338	eyJhbGciOiJIUzI1NiIsInR5cCI6IkpXVCJ9.eyJlbWFpbCI6IkVtbWFudWVsNzNAaG90bWFpbC5jb20iLCJpYXQiOjE3MTczMjAxMzQsImV4cCI6MTcxNzkyNDkzNH0.iZ_JSRlyVINQQR84VNj07hyb0wlLzC0rafnY5vl_tK4	66	2024-06-09 09:22:14.788
339	eyJhbGciOiJIUzI1NiIsInR5cCI6IkpXVCJ9.eyJlbWFpbCI6InRlc3RAZXhhbXBsZS5jb20iLCJpYXQiOjE3MTczMjAxNjcsImV4cCI6MTcxNzkyNDk2N30.q8tdDJLtQa2TX-3Alz4PAYGyhhYWbOXau-WKC5RpH1U	9	2024-06-09 09:22:47.772
340	eyJhbGciOiJIUzI1NiIsInR5cCI6IkpXVCJ9.eyJlbWFpbCI6IlJ5bGVlNTZAZ21haWwuY29tIiwiaWF0IjoxNzE3MzIwMTY3LCJleHAiOjE3MTc5MjQ5Njd9.mMV8iurO8XSU5Eg7456KaPGBjng_rPpShGMD47d6EqY	67	2024-06-09 09:22:47.823
341	eyJhbGciOiJIUzI1NiIsInR5cCI6IkpXVCJ9.eyJlbWFpbCI6IkFueWEuSG93ZWxsQGhvdG1haWwuY29tIiwiaWF0IjoxNzE3MzIwMTY3LCJleHAiOjE3MTc5MjQ5Njd9.WGjKzabyGoMk0UOo9ikXogTG5K6LgOcuUZGmNZ-3EBQ	68	2024-06-09 09:22:47.978
342	eyJhbGciOiJIUzI1NiIsInR5cCI6IkpXVCJ9.eyJlbWFpbCI6InRlc3RAZXhhbXBsZS5jb20iLCJpYXQiOjE3MTczMjAxOTEsImV4cCI6MTcxNzkyNDk5MX0.GR74GPXqKMrKOjEWmQeCztKNXv14GUcn1KLKvzw0J-k	9	2024-06-09 09:23:11.917
343	eyJhbGciOiJIUzI1NiIsInR5cCI6IkpXVCJ9.eyJlbWFpbCI6Ill2b25uZS5CYXJ0b24tV2Fsc2g4NEBnbWFpbC5jb20iLCJpYXQiOjE3MTczMjAxOTEsImV4cCI6MTcxNzkyNDk5MX0.T67qZDtAx19ieUOrUpgJWy1KfCzTyvjgC2h8Z7hq2tU	69	2024-06-09 09:23:11.973
344	eyJhbGciOiJIUzI1NiIsInR5cCI6IkpXVCJ9.eyJlbWFpbCI6IkRpbGxvbjY1QGdtYWlsLmNvbSIsImlhdCI6MTcxNzMyMDE5MiwiZXhwIjoxNzE3OTI0OTkyfQ.pEiy3a1zEkj0OyuuCyCnN_1fAhJ0B76vDunTKEDwdU0	70	2024-06-09 09:23:12.13
345	eyJhbGciOiJIUzI1NiIsInR5cCI6IkpXVCJ9.eyJlbWFpbCI6IkJyYW5kdDE3QGdtYWlsLmNvbSIsImlhdCI6MTcxNzMyMDMwNCwiZXhwIjoxNzE3OTI1MTA0fQ.8i2zPCr4UWwrOok35EYymPfgrPe87dByaSNZhZVQ7uQ	71	2024-06-09 09:25:04.291
346	eyJhbGciOiJIUzI1NiIsInR5cCI6IkpXVCJ9.eyJlbWFpbCI6InRlc3RAZXhhbXBsZS5jb20iLCJpYXQiOjE3MTczMjAzMDQsImV4cCI6MTcxNzkyNTEwNH0.lCm_IUne79fcwHuKXuE8htmRakAL6kgzJUVASTRZeEY	9	2024-06-09 09:25:04.304
347	eyJhbGciOiJIUzI1NiIsInR5cCI6IkpXVCJ9.eyJlbWFpbCI6IktheWE0M0Bob3RtYWlsLmNvbSIsImlhdCI6MTcxNzMyMDMwNCwiZXhwIjoxNzE3OTI1MTA0fQ.6FvtH07DQzscw5AvkaTitZGoYA7fHtpjZHDIW89d3c0	73	2024-06-09 09:25:04.468
348	eyJhbGciOiJIUzI1NiIsInR5cCI6IkpXVCJ9.eyJlbWFpbCI6IlJvd2VuYS5Sb2JlbEBob3RtYWlsLmNvbSIsImlhdCI6MTcxNzMyMTA3OSwiZXhwIjoxNzE3OTI1ODc5fQ.GBYYX-6zcvo97_VuqcywzN_3YMeTYRpt3C_Vo7R5nBI	74	2024-06-09 09:37:59.741
349	eyJhbGciOiJIUzI1NiIsInR5cCI6IkpXVCJ9.eyJlbWFpbCI6InRlc3RAZXhhbXBsZS5jb20iLCJpYXQiOjE3MTczMjEwNzksImV4cCI6MTcxNzkyNTg3OX0.pVm8zMyua1PQeBBy_yi38jJ9VOQNz7zMSWwfj8tsQa4	9	2024-06-09 09:37:59.745
350	eyJhbGciOiJIUzI1NiIsInR5cCI6IkpXVCJ9.eyJlbWFpbCI6IkZlbGljaXR5X0hlcm1hbkB5YWhvby5jb20iLCJpYXQiOjE3MTczMjEwNzksImV4cCI6MTcxNzkyNTg3OX0.rgSuS9MrFMlih83H_3XCphp0DVt1BRFtcAgbOccrDyM	76	2024-06-09 09:37:59.908
351	eyJhbGciOiJIUzI1NiIsInR5cCI6IkpXVCJ9.eyJlbWFpbCI6IkpvdmFuaV9QYXJrZXIxNEBnbWFpbC5jb20iLCJpYXQiOjE3MTczMjEyNzYsImV4cCI6MTcxNzkyNjA3Nn0.zQHpgVzTdKn_HXIX9H1sQhL8PrgIBdhqDxt3Wq6Fht4	77	2024-06-09 09:41:16.829
352	eyJhbGciOiJIUzI1NiIsInR5cCI6IkpXVCJ9.eyJlbWFpbCI6InRlc3RAZXhhbXBsZS5jb20iLCJpYXQiOjE3MTczMjEyNzYsImV4cCI6MTcxNzkyNjA3Nn0.BotZKrZ-_ll5zjcBxn5no_LvrwBuzc-5iOgvVP8-udk	9	2024-06-09 09:41:16.835
353	eyJhbGciOiJIUzI1NiIsInR5cCI6IkpXVCJ9.eyJlbWFpbCI6IkxheWxhLkJlY2tlckBob3RtYWlsLmNvbSIsImlhdCI6MTcxNzMyMTI3NiwiZXhwIjoxNzE3OTI2MDc2fQ.Og9D14ft7nkmuJZhynV5xrEpv02ErhUlD50K_aLxAJU	79	2024-06-09 09:41:16.994
354	eyJhbGciOiJIUzI1NiIsInR5cCI6IkpXVCJ9.eyJlbWFpbCI6IlRldmluMTRAeWFob28uY29tIiwiaWF0IjoxNzE3MzIxNDgzLCJleHAiOjE3MTc5MjYyODN9.mNOgRzbV3Y2EAkgiGl4Hs1rmimAicZ6hBzD3j-QvqkA	80	2024-06-09 09:44:43.198
355	eyJhbGciOiJIUzI1NiIsInR5cCI6IkpXVCJ9.eyJlbWFpbCI6InRlc3RAZXhhbXBsZS5jb20iLCJpYXQiOjE3MTczMjE0ODMsImV4cCI6MTcxNzkyNjI4M30.1XC3h70QeUbGfNRz161mrRCbg5k8mniKxVMPU8mVuu0	9	2024-06-09 09:44:43.204
356	eyJhbGciOiJIUzI1NiIsInR5cCI6IkpXVCJ9.eyJlbWFpbCI6IkRvcmlzLldlaW1hbm42MkBob3RtYWlsLmNvbSIsImlhdCI6MTcxNzMyMTQ4MywiZXhwIjoxNzE3OTI2MjgzfQ.PA0aM7Pb9ZR5KsoaUyaCKaN7QbzMnQfQA29x-fsDJks	82	2024-06-09 09:44:43.356
357	eyJhbGciOiJIUzI1NiIsInR5cCI6IkpXVCJ9.eyJlbWFpbCI6IkRlbm5pcy5Sb3NlbmJhdW1AZ21haWwuY29tIiwiaWF0IjoxNzE3MzIxNTI5LCJleHAiOjE3MTc5MjYzMjl9.Mc5CB27txcsgh97daAj4K5A47_dX4aBSxfZWbnAAtKY	83	2024-06-09 09:45:29.857
358	eyJhbGciOiJIUzI1NiIsInR5cCI6IkpXVCJ9.eyJlbWFpbCI6InRlc3RAZXhhbXBsZS5jb20iLCJpYXQiOjE3MTczMjE1MjksImV4cCI6MTcxNzkyNjMyOX0.XRYX2bKP1aawj6x5S5loxt1mjLHu_ku6SY4qWqDkwvE	9	2024-06-09 09:45:29.862
359	eyJhbGciOiJIUzI1NiIsInR5cCI6IkpXVCJ9.eyJlbWFpbCI6IkhhcnJ5LkJvZ2lzaWNoQGhvdG1haWwuY29tIiwiaWF0IjoxNzE3MzIxNTMwLCJleHAiOjE3MTc5MjYzMzB9.ofC0eYSOx4L6ehR1BacCj1V6c9mrQ3CM8-EQkNgHLR4	85	2024-06-09 09:45:30.037
360	eyJhbGciOiJIUzI1NiIsInR5cCI6IkpXVCJ9.eyJlbWFpbCI6IlN5ZG5pLldlbGNoMTdAeWFob28uY29tIiwiaWF0IjoxNzE3MzIxNzI4LCJleHAiOjE3MTc5MjY1Mjh9.tcBwfE5Qv4MCiEg1eS00IviMXwbvCBlDuZcGzaWm8cw	86	2024-06-09 09:48:48.726
361	eyJhbGciOiJIUzI1NiIsInR5cCI6IkpXVCJ9.eyJlbWFpbCI6IkplcnJlbGxfWXVuZHQ5NUBnbWFpbC5jb20iLCJpYXQiOjE3MTczMjE3MjgsImV4cCI6MTcxNzkyNjUyOH0.K1xqdSBFBZ9Er-ySolVmb4IMl6mxImZmLVoWyQxeDeU	88	2024-06-09 09:48:48.726
362	eyJhbGciOiJIUzI1NiIsInR5cCI6IkpXVCJ9.eyJlbWFpbCI6InRlc3RAZXhhbXBsZS5jb20iLCJpYXQiOjE3MTczMjE3MjgsImV4cCI6MTcxNzkyNjUyOH0.5M1gQ_7sOqOpgSWBAlBu0Dq5k5ZfNmikl9kjYxR6CY8	9	2024-06-09 09:48:48.731
363	eyJhbGciOiJIUzI1NiIsInR5cCI6IkpXVCJ9.eyJlbWFpbCI6IkNvbm5vcl9Lb2VwcDc1QGdtYWlsLmNvbSIsImlhdCI6MTcxNzMyMTcyOCwiZXhwIjoxNzE3OTI2NTI4fQ.iBrHJPdh-2dn0j8yxhx5WYOt-NAQZzkwkBFTG82T14Q	89	2024-06-09 09:48:48.864
364	eyJhbGciOiJIUzI1NiIsInR5cCI6IkpXVCJ9.eyJlbWFpbCI6Ik1hcmdhcmV0dC5aYm9uY2FrQGhvdG1haWwuY29tIiwiaWF0IjoxNzE3MzIxNzI4LCJleHAiOjE3MTc5MjY1Mjh9.YOJIOPf2roaFVsOLSge-8LRUkGDy5LsDmEyQ9kPbclk	90	2024-06-09 09:48:48.904
365	eyJhbGciOiJIUzI1NiIsInR5cCI6IkpXVCJ9.eyJlbWFpbCI6IkRvbmF2b24uS2lybGluMzZAeWFob28uY29tIiwiaWF0IjoxNzE3MzIxNzI5LCJleHAiOjE3MTc5MjY1Mjl9.QsefgHVa3qDY_hS3z8dPaHSW5Lm7NwLxkbWa2rU6a9M	91	2024-06-09 09:48:49.032
366	eyJhbGciOiJIUzI1NiIsInR5cCI6IkpXVCJ9.eyJlbWFpbCI6Ikx1cGUxM0B5YWhvby5jb20iLCJpYXQiOjE3MTczMjE4MjgsImV4cCI6MTcxNzkyNjYyOH0.ByLZq5L14Kzdw0FpVKwT1Z2trpfrM1u8NgFpXmor7JY	92	2024-06-09 09:50:28.41
367	eyJhbGciOiJIUzI1NiIsInR5cCI6IkpXVCJ9.eyJlbWFpbCI6IlVyaWVsX0hhbnNlbi1FZmZlcnR6QGdtYWlsLmNvbSIsImlhdCI6MTcxNzMyMTgyOCwiZXhwIjoxNzE3OTI2NjI4fQ.oGaBoYS22XM7aQi8DVgX81IQiuYe55b-pJ-V_FmXMjI	93	2024-06-09 09:50:28.413
368	eyJhbGciOiJIUzI1NiIsInR5cCI6IkpXVCJ9.eyJlbWFpbCI6InRlc3RAZXhhbXBsZS5jb20iLCJpYXQiOjE3MTczMjE4MjgsImV4cCI6MTcxNzkyNjYyOH0.eK_a5-vKvLkrgxFGUkxiiNLp3a-3KZkkbT28hz-XJ0I	9	2024-06-09 09:50:28.424
369	eyJhbGciOiJIUzI1NiIsInR5cCI6IkpXVCJ9.eyJlbWFpbCI6Ikdlb3JnaWFubmFfQmxhbmRhQHlhaG9vLmNvbSIsImlhdCI6MTcxNzMyMTgyOCwiZXhwIjoxNzE3OTI2NjI4fQ.5-3wDor54odSLo1JNAgbNwKbVYa1WTsGZ2Kc_yG2HIw	95	2024-06-09 09:50:28.545
370	eyJhbGciOiJIUzI1NiIsInR5cCI6IkpXVCJ9.eyJlbWFpbCI6IkFuamFsaS5Db25uQHlhaG9vLmNvbSIsImlhdCI6MTcxNzMyMTgyOCwiZXhwIjoxNzE3OTI2NjI4fQ.1nqiJ_nYSkoEm53mh_nIlcELWgOSyZHM9h2IeQUV7E4	96	2024-06-09 09:50:28.58
371	eyJhbGciOiJIUzI1NiIsInR5cCI6IkpXVCJ9.eyJlbWFpbCI6Ik1heXJhMjFAeWFob28uY29tIiwiaWF0IjoxNzE3MzIxODI4LCJleHAiOjE3MTc5MjY2Mjh9.bjtYPr0O1jv1soA8u8OEVvIinHAz-PjumZgtHy5ftrA	97	2024-06-09 09:50:28.709
372	eyJhbGciOiJIUzI1NiIsInR5cCI6IkpXVCJ9.eyJlbWFpbCI6IkZlbGlwZTI1QHlhaG9vLmNvbSIsImlhdCI6MTcxNzMyMjAyNSwiZXhwIjoxNzE3OTI2ODI1fQ.rPEZwj_6nZPE-QxUmz4YsUUQBhF91JwCM5WYjKGHlQo	98	2024-06-09 09:53:45.964
373	eyJhbGciOiJIUzI1NiIsInR5cCI6IkpXVCJ9.eyJlbWFpbCI6IkxhbmV5X0RhcmU3NEB5YWhvby5jb20iLCJpYXQiOjE3MTczMjIwMjUsImV4cCI6MTcxNzkyNjgyNX0.-NB2Ibn7PAWGIRSn9-VQOEJZurbhLjJzWuTBbrfc12A	99	2024-06-09 09:53:45.967
374	eyJhbGciOiJIUzI1NiIsInR5cCI6IkpXVCJ9.eyJlbWFpbCI6InRlc3RAZXhhbXBsZS5jb20iLCJpYXQiOjE3MTczMjIwMjUsImV4cCI6MTcxNzkyNjgyNX0.icz9-zJ02Iyco30FqDKa7kuFbGfPdYolNiTBqkTRBY0	9	2024-06-09 09:53:45.992
375	eyJhbGciOiJIUzI1NiIsInR5cCI6IkpXVCJ9.eyJlbWFpbCI6Ik1hbnVlbGFfRmFkZWw0NkBnbWFpbC5jb20iLCJpYXQiOjE3MTczMjIwMjYsImV4cCI6MTcxNzkyNjgyNn0.3SHLh02m8kQvyJYJBScA7a-RoD238i4ACIoYKnqrKts	101	2024-06-09 09:53:46.103
376	eyJhbGciOiJIUzI1NiIsInR5cCI6IkpXVCJ9.eyJlbWFpbCI6IlZlcm5pY2VfU2NodWxpc3Q0MkBnbWFpbC5jb20iLCJpYXQiOjE3MTczMjIwMjYsImV4cCI6MTcxNzkyNjgyNn0.J4oCFrY9Rjo3rz2HPIQS4GkwsaBsut_l_Hl0P1DHLGI	102	2024-06-09 09:53:46.134
377	eyJhbGciOiJIUzI1NiIsInR5cCI6IkpXVCJ9.eyJlbWFpbCI6Ik1hdmlzX0dvdHRsaWViODdAaG90bWFpbC5jb20iLCJpYXQiOjE3MTczMjIwMjYsImV4cCI6MTcxNzkyNjgyNn0.ZN5n8d4SLAxe2qHdLHUC2jtT5pL0ygKj_5rBhckwOjw	103	2024-06-09 09:53:46.285
379	eyJhbGciOiJIUzI1NiIsInR5cCI6IkpXVCJ9.eyJlbWFpbCI6InRlc3RAZXhhbXBsZS5jb20iLCJpYXQiOjE3MTczMjIwNzUsImV4cCI6MTcxNzkyNjg3NX0.yO53AJcKZA5WfAJS-l7vqNlJlZMBTj3fBmmFOvQ7cBE	9	2024-06-09 09:54:35.987
378	eyJhbGciOiJIUzI1NiIsInR5cCI6IkpXVCJ9.eyJlbWFpbCI6IlJhaHNhYW4yMEBob3RtYWlsLmNvbSIsImlhdCI6MTcxNzMyMjA3NSwiZXhwIjoxNzE3OTI2ODc1fQ.BYtEihtDqd27W2hDP66JsrCRH7Tan4a0ze2DCjzTt8k	105	2024-06-09 09:54:35.986
380	eyJhbGciOiJIUzI1NiIsInR5cCI6IkpXVCJ9.eyJlbWFpbCI6Ik1hcmxpbi5BYmVybmF0aHlAZ21haWwuY29tIiwiaWF0IjoxNzE3MzIyMDc1LCJleHAiOjE3MTc5MjY4NzV9.B6B6VlxKZcKOrPBC3gsXVJivplPAEFkxcScTJ-QRzGw	106	2024-06-09 09:54:35.991
381	eyJhbGciOiJIUzI1NiIsInR5cCI6IkpXVCJ9.eyJlbWFpbCI6IlpvZXk3MkBnbWFpbC5jb20iLCJpYXQiOjE3MTczMjIwNzYsImV4cCI6MTcxNzkyNjg3Nn0.7ZEkiLjCzhesihKqYSghOouHVWvW2v2TZUZc2dk16Bw	107	2024-06-09 09:54:36.132
382	eyJhbGciOiJIUzI1NiIsInR5cCI6IkpXVCJ9.eyJlbWFpbCI6Ik1hcmpvbGFpbmUuUm9zZW5iYXVtMjRAZ21haWwuY29tIiwiaWF0IjoxNzE3MzIyMDc2LCJleHAiOjE3MTc5MjY4NzZ9.6K3b30TPQUPwqL3lEGEHjUsXtm_vIYFY5_M8duK7zyA	108	2024-06-09 09:54:36.165
383	eyJhbGciOiJIUzI1NiIsInR5cCI6IkpXVCJ9.eyJlbWFpbCI6IkpheWxhbl9HaXNsYXNvbkBob3RtYWlsLmNvbSIsImlhdCI6MTcxNzMyMjA3NiwiZXhwIjoxNzE3OTI2ODc2fQ.NFFed3fpK5kIw1saGGO5qaVaYwuYdUL6UcJLBq23jYA	109	2024-06-09 09:54:36.366
384	eyJhbGciOiJIUzI1NiIsInR5cCI6IkpXVCJ9.eyJlbWFpbCI6IkZlcm4xNUBob3RtYWlsLmNvbSIsImlhdCI6MTcxNzMyMjEyNiwiZXhwIjoxNzE3OTI2OTI2fQ.kslUVDj0iOyJ4ItOLiw_nM1MfDmScNaM6Q-sl3m_0Cw	110	2024-06-09 09:55:26.793
385	eyJhbGciOiJIUzI1NiIsInR5cCI6IkpXVCJ9.eyJlbWFpbCI6IkJpYW5rYTU3QHlhaG9vLmNvbSIsImlhdCI6MTcxNzMyMjEyNiwiZXhwIjoxNzE3OTI2OTI2fQ.S6wGFf15-dgNHSXxKb_336bGEpJLAhyPbAR4C1Lx-x8	112	2024-06-09 09:55:26.794
386	eyJhbGciOiJIUzI1NiIsInR5cCI6IkpXVCJ9.eyJlbWFpbCI6InRlc3RAZXhhbXBsZS5jb20iLCJpYXQiOjE3MTczMjIxMjYsImV4cCI6MTcxNzkyNjkyNn0.2Z9iwaOnCABpLuQ6ZFvjAXvISYMwNzEtabQhV5fOupU	9	2024-06-09 09:55:26.797
387	eyJhbGciOiJIUzI1NiIsInR5cCI6IkpXVCJ9.eyJlbWFpbCI6IlF1ZWVuaWUwQGdtYWlsLmNvbSIsImlhdCI6MTcxNzMyMjEyNiwiZXhwIjoxNzE3OTI2OTI2fQ.AoLWk5G-Pem3FhrSXlaNKsz7vvhlyOePxIXF3e3s7jw	113	2024-06-09 09:55:26.933
388	eyJhbGciOiJIUzI1NiIsInR5cCI6IkpXVCJ9.eyJlbWFpbCI6Ik9ydmFsLkhlcnpvZy1LcmFqY2lrODlAaG90bWFpbC5jb20iLCJpYXQiOjE3MTczMjIxMjYsImV4cCI6MTcxNzkyNjkyNn0.kk-GcDXOxx44UOXUuiztc6aed2NMUQOivkS1ka4YZOc	114	2024-06-09 09:55:26.966
389	eyJhbGciOiJIUzI1NiIsInR5cCI6IkpXVCJ9.eyJlbWFpbCI6Ikh1YmVydF9XZWlzc25hdEB5YWhvby5jb20iLCJpYXQiOjE3MTczMjIxMjcsImV4cCI6MTcxNzkyNjkyN30.L2h5IFqMLKaQMhlpCANBOR_w_KPwgnCzW8NX-waOknE	115	2024-06-09 09:55:27.124
390	eyJhbGciOiJIUzI1NiIsInR5cCI6IkpXVCJ9.eyJlbWFpbCI6IkNhcnkuSmFza29sc2tpMTBAeWFob28uY29tIiwiaWF0IjoxNzE3MzIyMjAwLCJleHAiOjE3MTc5MjcwMDB9.eBLbWT_3RP5TJ5ScII_CzlimUpxhVHuW_5LVkcwXs9w	116	2024-06-09 09:56:40.336
391	eyJhbGciOiJIUzI1NiIsInR5cCI6IkpXVCJ9.eyJlbWFpbCI6IkthaXRseW4uTWFjR3l2ZXJAeWFob28uY29tIiwiaWF0IjoxNzE3MzIyMjAwLCJleHAiOjE3MTc5MjcwMDB9.UHBhqfAHB3wKl-ogV5YgMcKEGfYqeDuc4-30xJQNfU0	117	2024-06-09 09:56:40.341
392	eyJhbGciOiJIUzI1NiIsInR5cCI6IkpXVCJ9.eyJlbWFpbCI6InRlc3RAZXhhbXBsZS5jb20iLCJpYXQiOjE3MTczMjIyMDAsImV4cCI6MTcxNzkyNzAwMH0.T606D8p20iJ_M-SSor8jlwvH7wMEqmpnLcGCfgN5SA8	9	2024-06-09 09:56:40.348
393	eyJhbGciOiJIUzI1NiIsInR5cCI6IkpXVCJ9.eyJlbWFpbCI6IktpcnN0aW42NkB5YWhvby5jb20iLCJpYXQiOjE3MTczMjIyMDAsImV4cCI6MTcxNzkyNzAwMH0.5voi0pXZqqX9OsYfjwbjj1-tz33iIL_Fge-_vuxm3ko	119	2024-06-09 09:56:40.468
394	eyJhbGciOiJIUzI1NiIsInR5cCI6IkpXVCJ9.eyJlbWFpbCI6IkVsZGEyM0Bob3RtYWlsLmNvbSIsImlhdCI6MTcxNzMyMjIwMCwiZXhwIjoxNzE3OTI3MDAwfQ.sZpmVhLL9IQ_Smu1DklhXAjKWLLVKpgAAUlrtz27z_8	120	2024-06-09 09:56:40.505
395	eyJhbGciOiJIUzI1NiIsInR5cCI6IkpXVCJ9.eyJlbWFpbCI6IlRyYXZvbl9TY2h1cHBlOTJAaG90bWFpbC5jb20iLCJpYXQiOjE3MTczMjIyMDAsImV4cCI6MTcxNzkyNzAwMH0.32cpEzFSOHZCsmtLqWuXw0jqVYv21UKB2hxApYLcyaM	121	2024-06-09 09:56:40.656
396	eyJhbGciOiJIUzI1NiIsInR5cCI6IkpXVCJ9.eyJlbWFpbCI6IkZlcm5hbmRvX1NhbmZvcmRAZ21haWwuY29tIiwiaWF0IjoxNzE3MzIyMjM2LCJleHAiOjE3MTc5MjcwMzZ9.sgzViCKB1qHjdY6EKsLzZhVkk8nWM-eZv4SR4Sb0VyY	122	2024-06-09 09:57:16.058
397	eyJhbGciOiJIUzI1NiIsInR5cCI6IkpXVCJ9.eyJlbWFpbCI6IkhhemVsLlZldW0tQ29sZUB5YWhvby5jb20iLCJpYXQiOjE3MTczMjIyMzYsImV4cCI6MTcxNzkyNzAzNn0.TrnizaThStYCvk2ZlpgTri3B5bDT2WFudSsdrxqFJd4	123	2024-06-09 09:57:16.06
398	eyJhbGciOiJIUzI1NiIsInR5cCI6IkpXVCJ9.eyJlbWFpbCI6InRlc3RAZXhhbXBsZS5jb20iLCJpYXQiOjE3MTczMjIyMzYsImV4cCI6MTcxNzkyNzAzNn0.MbDwjn2YGri8xNKFah8D-JwYg6OWF9vJG3pDTcgDlyY	9	2024-06-09 09:57:16.06
399	eyJhbGciOiJIUzI1NiIsInR5cCI6IkpXVCJ9.eyJlbWFpbCI6IkFtYXJhN0BnbWFpbC5jb20iLCJpYXQiOjE3MTczMjIyMzYsImV4cCI6MTcxNzkyNzAzNn0.uahH08R4QSfq7LTNWOb7uuWfdwYfGte1ExUCKgeSsvg	125	2024-06-09 09:57:16.209
400	eyJhbGciOiJIUzI1NiIsInR5cCI6IkpXVCJ9.eyJlbWFpbCI6IkFkZGllLlNjaGlsbGVyQGhvdG1haWwuY29tIiwiaWF0IjoxNzE3MzIyMjM2LCJleHAiOjE3MTc5MjcwMzZ9.lzmcd7bam6Njwc9ZTaNmerJdxDFCa7VN2brnzhrGbk4	126	2024-06-09 09:57:16.241
401	eyJhbGciOiJIUzI1NiIsInR5cCI6IkpXVCJ9.eyJlbWFpbCI6IkhvdXN0b25fUmVpbmdlcjQwQHlhaG9vLmNvbSIsImlhdCI6MTcxNzMyMjIzNiwiZXhwIjoxNzE3OTI3MDM2fQ.PkV5VOViihDm2TKMly4OBIXYlzGoWOqPTV16tKp4XAI	127	2024-06-09 09:57:16.392
402	eyJhbGciOiJIUzI1NiIsInR5cCI6IkpXVCJ9.eyJlbWFpbCI6IkRld2l0dDk5QHlhaG9vLmNvbSIsImlhdCI6MTcxNzMyMjI4OSwiZXhwIjoxNzE3OTI3MDg5fQ.hpshvGBNZTlJwV5WRkuAF-8yaQ080FuftZ4BDAbIXGA	128	2024-06-09 09:58:09.517
403	eyJhbGciOiJIUzI1NiIsInR5cCI6IkpXVCJ9.eyJlbWFpbCI6IkplcnJlbGw2MkBob3RtYWlsLmNvbSIsImlhdCI6MTcxNzMyMjI4OSwiZXhwIjoxNzE3OTI3MDg5fQ.3McbYNYgFSEbGgMTakP5OqJkMyLjxGqc6XCgy3CsTmQ	130	2024-06-09 09:58:09.518
404	eyJhbGciOiJIUzI1NiIsInR5cCI6IkpXVCJ9.eyJlbWFpbCI6InRlc3RAZXhhbXBsZS5jb20iLCJpYXQiOjE3MTczMjIyODksImV4cCI6MTcxNzkyNzA4OX0.6QCPa7xaCIejA8KAOOW3WqZHY8T2G-X3p0rJAKIzxfs	9	2024-06-09 09:58:09.528
405	eyJhbGciOiJIUzI1NiIsInR5cCI6IkpXVCJ9.eyJlbWFpbCI6IkF1Z3VzdGEuVm9uUnVlZGVuQGhvdG1haWwuY29tIiwiaWF0IjoxNzE3MzIyMjg5LCJleHAiOjE3MTc5MjcwODl9.WtzgIe3k5Vp8N6AvjRa1mHrS5mdhdmbPh6MdDHKMnSg	131	2024-06-09 09:58:09.67
406	eyJhbGciOiJIUzI1NiIsInR5cCI6IkpXVCJ9.eyJlbWFpbCI6IkFsaXphX0d1bGdvd3NraTg2QGdtYWlsLmNvbSIsImlhdCI6MTcxNzMyMjI4OSwiZXhwIjoxNzE3OTI3MDg5fQ.rSQmHQqsvLF20hme0m2mRnphtECANhTleiI9mJlvz5k	132	2024-06-09 09:58:09.716
407	eyJhbGciOiJIUzI1NiIsInR5cCI6IkpXVCJ9.eyJlbWFpbCI6Ik1ja2VubmFfQWJlcm5hdGh5NTlAaG90bWFpbC5jb20iLCJpYXQiOjE3MTczMjIyODksImV4cCI6MTcxNzkyNzA4OX0.kJccMEYSHKkBKw0_C3X9BNGedyR50oUKk9rGsWgNixY	133	2024-06-09 09:58:09.884
408	eyJhbGciOiJIUzI1NiIsInR5cCI6IkpXVCJ9.eyJlbWFpbCI6Ik9saW4uUG9sbGljaDk0QHlhaG9vLmNvbSIsImlhdCI6MTcxNzMyMjM0NCwiZXhwIjoxNzE3OTI3MTQ0fQ._IzoncT-fxDkmL96CxFnL_9tT3-4C9cHn78WLI-3T-g	134	2024-06-09 09:59:04.221
409	eyJhbGciOiJIUzI1NiIsInR5cCI6IkpXVCJ9.eyJlbWFpbCI6InRlc3RAZXhhbXBsZS5jb20iLCJpYXQiOjE3MTczMjIzNDQsImV4cCI6MTcxNzkyNzE0NH0.8jd0-IEaI3d4U9TW9_YjGYo1FihRRJoQZ828WhkURsQ	9	2024-06-09 09:59:04.227
410	eyJhbGciOiJIUzI1NiIsInR5cCI6IkpXVCJ9.eyJlbWFpbCI6IkpvcmR5LkhhcnRtYW5uQHlhaG9vLmNvbSIsImlhdCI6MTcxNzMyMjM0NCwiZXhwIjoxNzE3OTI3MTQ0fQ.Kv_vJ4ZiCVzgXawzV2WbbC14B3vhe0pYSNrrPhnWDVc	136	2024-06-09 09:59:04.229
411	eyJhbGciOiJIUzI1NiIsInR5cCI6IkpXVCJ9.eyJlbWFpbCI6IkRvbWVuaWNvLk5pa29sYXVzNjZAeWFob28uY29tIiwiaWF0IjoxNzE3MzIyMzQ0LCJleHAiOjE3MTc5MjcxNDR9.XwoyMxXCKjP7B_c6uKQrLev1QVV4_SQFC698m6fyk7M	137	2024-06-09 09:59:04.392
412	eyJhbGciOiJIUzI1NiIsInR5cCI6IkpXVCJ9.eyJlbWFpbCI6IkNhc3NpZHlfUG9sbGljaEB5YWhvby5jb20iLCJpYXQiOjE3MTczMjIzNDQsImV4cCI6MTcxNzkyNzE0NH0.3hHTZ5fJ79IWsEEH_6DLFQYpibNlsqfzeId_4LYljEA	138	2024-06-09 09:59:04.397
413	eyJhbGciOiJIUzI1NiIsInR5cCI6IkpXVCJ9.eyJlbWFpbCI6IlNhbTQ2QHlhaG9vLmNvbSIsImlhdCI6MTcxNzMyMjM0NCwiZXhwIjoxNzE3OTI3MTQ0fQ.-LrE2nmtEzD0_QVfOp_6skYB56IAELbXaD-kN65woLU	139	2024-06-09 09:59:04.581
414	eyJhbGciOiJIUzI1NiIsInR5cCI6IkpXVCJ9.eyJlbWFpbCI6Ik1heGltaWxsaWExQGhvdG1haWwuY29tIiwiaWF0IjoxNzE3MzIyMzkyLCJleHAiOjE3MTc5MjcxOTJ9.CPJIlfKol-QE0NplS_NR1JrTEPIOUzlaDFbwDqKY1DQ	141	2024-06-09 09:59:52.491
415	eyJhbGciOiJIUzI1NiIsInR5cCI6IkpXVCJ9.eyJlbWFpbCI6InRlc3RAZXhhbXBsZS5jb20iLCJpYXQiOjE3MTczMjIzOTIsImV4cCI6MTcxNzkyNzE5Mn0.vq3cCJk7Z5m6Dq0d8biUVD-H9usks37DcDIiS3Y1HxM	9	2024-06-09 09:59:52.494
416	eyJhbGciOiJIUzI1NiIsInR5cCI6IkpXVCJ9.eyJlbWFpbCI6IkNhcmlzc2EzQHlhaG9vLmNvbSIsImlhdCI6MTcxNzMyMjM5MiwiZXhwIjoxNzE3OTI3MTkyfQ.yVv8V8oEubfcD89NOuIkImOrUKGeyreNKCmXqF6dZrQ	142	2024-06-09 09:59:52.496
417	eyJhbGciOiJIUzI1NiIsInR5cCI6IkpXVCJ9.eyJlbWFpbCI6Ik15cmlhbTE5QHlhaG9vLmNvbSIsImlhdCI6MTcxNzMyMjM5MiwiZXhwIjoxNzE3OTI3MTkyfQ.EVs20UbX2qwmx_0bFizApSJFM_K-Lnhki81BQ87oWOY	143	2024-06-09 09:59:52.63
418	eyJhbGciOiJIUzI1NiIsInR5cCI6IkpXVCJ9.eyJlbWFpbCI6Ik1lcmxpbjQ2QHlhaG9vLmNvbSIsImlhdCI6MTcxNzMyMjM5MiwiZXhwIjoxNzE3OTI3MTkyfQ.dXeerA_zwyGc7USmBxeW6CwBHpLln7HmBCY3F7-QIsE	144	2024-06-09 09:59:52.667
419	eyJhbGciOiJIUzI1NiIsInR5cCI6IkpXVCJ9.eyJlbWFpbCI6IkhlcnNoZWxfRnJhbWlAeWFob28uY29tIiwiaWF0IjoxNzE3MzIyMzkyLCJleHAiOjE3MTc5MjcxOTJ9.w3E4AH4xaZsCLAqcqa_SBaXO9dE-GeYOTwjwzXAevhk	145	2024-06-09 09:59:52.819
420	eyJhbGciOiJIUzI1NiIsInR5cCI6IkpXVCJ9.eyJlbWFpbCI6IkVsZnJpZWRhNzBAZ21haWwuY29tIiwiaWF0IjoxNzE3MzIyNDE4LCJleHAiOjE3MTc5MjcyMTh9.YZK85EwOm0V1gnkHruFseIAc2_gAQtuMw3PcJedRDP8	146	2024-06-09 10:00:18.434
421	eyJhbGciOiJIUzI1NiIsInR5cCI6IkpXVCJ9.eyJlbWFpbCI6IlByZXN0b24uVHJhbnRvdzRAZ21haWwuY29tIiwiaWF0IjoxNzE3MzIyNDE4LCJleHAiOjE3MTc5MjcyMTh9.fBlKDyCxswrtw-DftQ9zxcGcVQ6Fyu7B-8lKMZvrBs8	148	2024-06-09 10:00:18.437
422	eyJhbGciOiJIUzI1NiIsInR5cCI6IkpXVCJ9.eyJlbWFpbCI6InRlc3RAZXhhbXBsZS5jb20iLCJpYXQiOjE3MTczMjI0MTgsImV4cCI6MTcxNzkyNzIxOH0.ay1v4FIFCjw9odAztinZRfFa6Pp3Uf95hGb5yq9W438	9	2024-06-09 10:00:18.443
423	eyJhbGciOiJIUzI1NiIsInR5cCI6IkpXVCJ9.eyJlbWFpbCI6IlJhZS5LdW5kZTQ4QHlhaG9vLmNvbSIsImlhdCI6MTcxNzMyMjQxOCwiZXhwIjoxNzE3OTI3MjE4fQ.nwoeOh1kSU-Jjrb_mNdAVjSsaUTL0v2pgYL4hrfZ-5Y	149	2024-06-09 10:00:18.569
424	eyJhbGciOiJIUzI1NiIsInR5cCI6IkpXVCJ9.eyJlbWFpbCI6IkJhaWxlZV9aaWVtZTU1QGhvdG1haWwuY29tIiwiaWF0IjoxNzE3MzIyNDE4LCJleHAiOjE3MTc5MjcyMTh9.15HUoh3nCeitBxK3bz0goTAJoV_5CAOPw4PfbC8BzyU	150	2024-06-09 10:00:18.605
425	eyJhbGciOiJIUzI1NiIsInR5cCI6IkpXVCJ9.eyJlbWFpbCI6IkF1ZGllX1JvbWFndWVyYTE4QHlhaG9vLmNvbSIsImlhdCI6MTcxNzMyMjQxOCwiZXhwIjoxNzE3OTI3MjE4fQ.2ITRXueuQYGttIcOdM5nMdrJcezDPRfVlieZ6lzyxBo	151	2024-06-09 10:00:18.747
426	eyJhbGciOiJIUzI1NiIsInR5cCI6IkpXVCJ9.eyJlbWFpbCI6IkFtYW5kYS5MZWJzYWNrODhAZ21haWwuY29tIiwiaWF0IjoxNzE3MzIyNDYzLCJleHAiOjE3MTc5MjcyNjN9.TMsS_RVUTq6BQC93ag55JDmIhWMHaOtJSFx0ybaXRfo	152	2024-06-09 10:01:03.015
427	eyJhbGciOiJIUzI1NiIsInR5cCI6IkpXVCJ9.eyJlbWFpbCI6InRlc3RAZXhhbXBsZS5jb20iLCJpYXQiOjE3MTczMjI0NjMsImV4cCI6MTcxNzkyNzI2M30.uC4xhLtnIbEc_Kwd7BrZflMEzB9_euMyqZjrXM4gws8	9	2024-06-09 10:01:03.024
428	eyJhbGciOiJIUzI1NiIsInR5cCI6IkpXVCJ9.eyJlbWFpbCI6Ik1hZGVseW5fTWFydmluNzBAeWFob28uY29tIiwiaWF0IjoxNzE3MzIyNDYzLCJleHAiOjE3MTc5MjcyNjN9.6LB1NKUpOsfM1sNV1Ruyqodn22RwWmolXVwbS3kadvg	154	2024-06-09 10:01:03.031
429	eyJhbGciOiJIUzI1NiIsInR5cCI6IkpXVCJ9.eyJlbWFpbCI6Ikplcm9tZS5UdXJuZXJAaG90bWFpbC5jb20iLCJpYXQiOjE3MTczMjI0NjMsImV4cCI6MTcxNzkyNzI2M30.Hl1teLZtsQqji-CGP6x1bGhidfYJR-D57agrI4ExTvw	155	2024-06-09 10:01:03.171
430	eyJhbGciOiJIUzI1NiIsInR5cCI6IkpXVCJ9.eyJlbWFpbCI6IlRvZC5TY2hvd2FsdGVyNTRAeWFob28uY29tIiwiaWF0IjoxNzE3MzIyNDYzLCJleHAiOjE3MTc5MjcyNjN9.4wpWJ-VaJtFdE-lZpHUncgT-r-xC-qU9efh_5O4flHQ	156	2024-06-09 10:01:03.187
431	eyJhbGciOiJIUzI1NiIsInR5cCI6IkpXVCJ9.eyJlbWFpbCI6IkFsNTNAaG90bWFpbC5jb20iLCJpYXQiOjE3MTczMjI0NjMsImV4cCI6MTcxNzkyNzI2M30.HwKsJ3nqOKiFae_-MdiYiLeLgTa7tqUza8gmP6rXBds	157	2024-06-09 10:01:03.358
432	eyJhbGciOiJIUzI1NiIsInR5cCI6IkpXVCJ9.eyJlbWFpbCI6IkxlaWY3M0B5YWhvby5jb20iLCJpYXQiOjE3MTczMjI1MDEsImV4cCI6MTcxNzkyNzMwMX0.whzyUCyd02V2_scTaXINq7iGd9bpH6uhd1kCws6H5lE	158	2024-06-09 10:01:41.936
433	eyJhbGciOiJIUzI1NiIsInR5cCI6IkpXVCJ9.eyJlbWFpbCI6IlNoZXJpZGFuNTBAeWFob28uY29tIiwiaWF0IjoxNzE3MzIyNTAxLCJleHAiOjE3MTc5MjczMDF9.B_mUQZaMSFUxjQaqHgQ3m1zVR-z-kXEmnVyWyTdI5Tg	160	2024-06-09 10:01:41.947
434	eyJhbGciOiJIUzI1NiIsInR5cCI6IkpXVCJ9.eyJlbWFpbCI6InRlc3RAZXhhbXBsZS5jb20iLCJpYXQiOjE3MTczMjI1MDEsImV4cCI6MTcxNzkyNzMwMX0.tbaEtiYqSfZIWBRFPeO18Na4WgnL60QTGIdytIefPY0	9	2024-06-09 10:01:41.955
435	eyJhbGciOiJIUzI1NiIsInR5cCI6IkpXVCJ9.eyJlbWFpbCI6IkFydmlkX0tyZWlnZXI5MEBob3RtYWlsLmNvbSIsImlhdCI6MTcxNzMyMjUwMiwiZXhwIjoxNzE3OTI3MzAyfQ.r8nOu2RnVEF3EwkzwUVt8C2GF0cI879aij9jjh9BuDU	161	2024-06-09 10:01:42.085
436	eyJhbGciOiJIUzI1NiIsInR5cCI6IkpXVCJ9.eyJlbWFpbCI6Ik1pbm5pZTY5QHlhaG9vLmNvbSIsImlhdCI6MTcxNzMyMjUwMiwiZXhwIjoxNzE3OTI3MzAyfQ.WnhjtJnM8z5X-ecYL_Bzh95x3UGTc1ZHd3etqIzd7YM	162	2024-06-09 10:01:42.114
437	eyJhbGciOiJIUzI1NiIsInR5cCI6IkpXVCJ9.eyJlbWFpbCI6Ik9tZXIuQXVlckB5YWhvby5jb20iLCJpYXQiOjE3MTczMjI1MDIsImV4cCI6MTcxNzkyNzMwMn0.WvMDBLmeLpga3n5kwrFfL3hOTrHdUDgKWHWoy9BGqDo	163	2024-06-09 10:01:42.264
438	eyJhbGciOiJIUzI1NiIsInR5cCI6IkpXVCJ9.eyJlbWFpbCI6IkJlcm5pZWNlX01yYXpAZ21haWwuY29tIiwiaWF0IjoxNzE3MzIyNTU0LCJleHAiOjE3MTc5MjczNTR9.uBd2FMNSjzCg9GsccDilfB97nrwpyTd-JT0zwG2NUZs	165	2024-06-09 10:02:34.035
439	eyJhbGciOiJIUzI1NiIsInR5cCI6IkpXVCJ9.eyJlbWFpbCI6IlRhYml0aGEwQGhvdG1haWwuY29tIiwiaWF0IjoxNzE3MzIyNTU0LCJleHAiOjE3MTc5MjczNTR9.mgjp5Rhd_Z0rZjzx6UQ379tbR_YTA3AOrSgKxRvHe5U	164	2024-06-09 10:02:34.035
440	eyJhbGciOiJIUzI1NiIsInR5cCI6IkpXVCJ9.eyJlbWFpbCI6InRlc3RAZXhhbXBsZS5jb20iLCJpYXQiOjE3MTczMjI1NTQsImV4cCI6MTcxNzkyNzM1NH0.zUoCW1SrvageLG689tQZT--X8htiUbG3bf0W7l7XG5c	9	2024-06-09 10:02:34.055
441	eyJhbGciOiJIUzI1NiIsInR5cCI6IkpXVCJ9.eyJlbWFpbCI6IkJlcnlsX0JlYXR0eTIyQHlhaG9vLmNvbSIsImlhdCI6MTcxNzMyMjU1NCwiZXhwIjoxNzE3OTI3MzU0fQ.KedZwKbEdGFUebssuezSBGGxhsERt7mhXhVW6M9IzUQ	167	2024-06-09 10:02:34.169
442	eyJhbGciOiJIUzI1NiIsInR5cCI6IkpXVCJ9.eyJlbWFpbCI6IkFuYWhpMjJAZ21haWwuY29tIiwiaWF0IjoxNzE3MzIyNTU0LCJleHAiOjE3MTc5MjczNTR9.mph0kUoJ5KxJLgHsd-PrXxBF2NERBesYTJazCke_5mc	168	2024-06-09 10:02:34.209
443	eyJhbGciOiJIUzI1NiIsInR5cCI6IkpXVCJ9.eyJlbWFpbCI6IkphY2tpZV9Sb2JlbEB5YWhvby5jb20iLCJpYXQiOjE3MTczMjI1NTQsImV4cCI6MTcxNzkyNzM1NH0.HuHhXRFPLG62uF8DFmRUlctBxQBgTq4vgykXKATRHbE	169	2024-06-09 10:02:34.342
444	eyJhbGciOiJIUzI1NiIsInR5cCI6IkpXVCJ9.eyJlbWFpbCI6InN1YmFzaHJpamFsNUBnbWFpbC5jb20iLCJpYXQiOjE3MTczMjI3MDUsImV4cCI6MTcxNzkyNzUwNX0.m4GY6bSDYqf5jl32r0rhg0Lx7ZRU9iqiVn_w0wYPT-g	8	2024-06-09 10:05:05.377
\.


--
-- Data for Name: student_lectures; Type: TABLE DATA; Schema: public; Owner: postgres
--

COPY public.student_lectures (id, lecture_id, user_id, status, created_at, updated_at) FROM stdin;
3	4	6	completed	2024-05-27 10:44:56.878469	2024-05-28 12:47:49.747
1	2	6	completed	2024-05-27 10:21:47.444281	2024-05-30 07:41:34.568
4	2	8	completed	2024-06-01 19:48:37.027892	2024-06-01 19:48:37.071
5	4	8	completed	2024-06-01 19:48:40.092488	2024-06-01 19:48:40.135
\.


--
-- Data for Name: users; Type: TABLE DATA; Schema: public; Owner: postgres
--

COPY public.users (id, name, email, password, role, created_at, updated_at) FROM stdin;
32	Arthur Denesik	Nigel.Jacobs-Stroman40@gmail.com	$2b$10$/0piLIfslSKkEuaJqBcwq.4lTmBklWIt6j1AqRcb7VR.a.u3qDe5e	student	2024-06-02 09:07:34.694	2024-06-02 09:07:34.694
3	string	user@example.com	$2b$10$A4NVZU9zQuYDO2NPLoAVpuZ3qsr4/nKaVBQ668YPfhv43MByydr6G	student	2024-05-24 13:05:58.713	2024-05-25 02:23:41.55
4	Aquila Knight	vukes@mailinator.com	$2b$10$gbHWaR2yOhosWV0L6hwWNuwjyv0FIzE1l7IKwKz.tOwz8nd7/20bS	student	2024-05-25 08:19:33.947	2024-05-25 08:19:33.947
5	Burton King	fikasy@mailinator.com	$2b$10$GUvWVLaIvb18Z9xne9OgjOWZw7f.IhiLrof8vWOoDbgvQrWL8Hh3C	student	2024-05-25 08:19:58.67	2024-05-25 08:19:58.67
33	Marcella Prohaska	Jody_Barrows55@hotmail.com	$2b$10$4HzXu5/psV0Q68kEyGRWceiv2NLKUKkwaIwiZ2jaFYiEcBqbgQXHi	student	2024-06-02 09:09:01.964	2024-06-02 09:09:01.964
34	Cheryl Murphy	Karl.Quitzon@hotmail.com	$2b$10$lDYvIKiu0m27qm1EHxbSi.DHIbQDif0LspUguAj4X0OipLykq/2yK	student	2024-06-02 09:09:02.184	2024-06-02 09:09:02.184
35	Melba Lockman	Antwan.Wolff24@hotmail.com	$2b$10$aOMJc7SP2wSBiEAbeVvOIOFU7JYzggwQM5JZPW.OXt/G7ibsdLiOa	student	2024-06-02 09:09:34.095	2024-06-02 09:09:34.095
36	Catherine Kuhic	Anabel_Haley68@gmail.com	$2b$10$IIfl2KVWKuLeZRl16tasf.C6av4B26cKX2Ig9ZGaMLjtVh7tdFUfa	student	2024-06-02 09:09:34.283	2024-06-02 09:09:34.283
37	Kara Boehm III	Jeanne43@yahoo.com	$2b$10$vIhWL6yxWcOIRcmPFb3Eq.0AfkZLICpMUl1DdqkSsi.0kpwXkOC3G	student	2024-06-02 09:10:30.338	2024-06-02 09:10:30.338
38	Percy Beier Jr.	Jennifer74@gmail.com	$2b$10$d07d563CElpQsXTiqC6Qd..KMVIJ5ydmjUo.AiAEraqO2xWrn3/va	student	2024-06-02 09:10:30.524	2024-06-02 09:10:30.524
39	Dr. Clint Reynolds	Lilian23@gmail.com	$2b$10$tUP8aHIATYBcZ8VKq9b5sOTAV1jhOMzW9AeDeXrCc4kfjhSbTPnPS	student	2024-06-02 09:10:41.944	2024-06-02 09:10:41.944
40	Monica Emard Jr.	Jayda.Schoen88@hotmail.com	$2b$10$1Xq7IUIA8kmlBha.3Zd47eZztfDA1EFVu8qhU6rUmSNgvv.ejSJPa	student	2024-06-02 09:10:42.116	2024-06-02 09:10:42.116
41	Joann Gutkowski III	Carol86@hotmail.com	$2b$10$O1jkukwa2G6lApJkk5SfgurDo.1qS7itSPgF5eK8Vg5EMqzsQq5Q.	student	2024-06-02 09:10:54.426	2024-06-02 09:10:54.426
42	Sylvia Kertzmann I	Meda.Ullrich59@hotmail.com	$2b$10$C3INyDo/s6DvvtMejlbwqe1Xvz3diZEcYhuQcKbXQh7Ov4sjVDHvK	student	2024-06-02 09:10:54.603	2024-06-02 09:10:54.603
43	Mr. Preston Davis	Jettie.Lueilwitz-Wiza@yahoo.com	$2b$10$BB70c4Zs2DXKWUzxClb4pORVLR2Zzuzcx3jN3bacd2k/eO15SUFUy	student	2024-06-02 09:12:29.3	2024-06-02 09:12:29.3
44	Freda Kshlerin	Kaden15@gmail.com	$2b$10$ZCF73oQ27pq1oGih15r5UuaBAMiQsBOLA.lhRzTeHRfNgUm0DWDnu	student	2024-06-02 09:12:29.485	2024-06-02 09:12:29.673
6	Luke Rowland	subash@eyemovic.com	$2b$10$0/Nd2xGNJg/ZpJtLNVCSr.2bGrVDTCho/Yb9CYRpQlrJbfSAXTbzi	student	2024-05-25 08:20:34.116	2024-05-26 12:47:34.9
7	Tyrone Kramer	xeqyt@mailinator.com	$2b$10$H.8YTEQnN2V5z/eKqTJpsOo7VjmYBdFxCkSQpbUow/wJXWkYCN6zy	student	2024-06-01 19:46:39.528	2024-06-01 19:46:39.528
8	Subash Rijal	subashrijal5@gmail.com	$2b$10$IQwko3wATgRWtkRgBXlV/OHsKM3lLyTzOMhuFJX0qNPN.upVJ.9bu	student	2024-06-01 19:47:06.855	2024-06-01 19:47:06.855
9	Test user	test@example.com	$2b$10$xq4cLeFUiSKEnW79rR2.N.wFPm3uXs/v3j5hU1C4lIK8SziE2GISG	student	2024-06-02 08:20:58.945	2024-06-02 08:20:58.945
10	Krystal Hudson	Xavier32@gmail.com	$2b$10$jmzP34XbakcxAXjpQ2xoMuHBLe9YTOgECu6AL.7Zu4GVMZoLcjLKC	student	2024-06-02 08:43:58.329	2024-06-02 08:43:58.329
11	Shelley Wuckert	Eden31@gmail.com	$2b$10$zfOMhAfRMvwd9oAz/JZRVeIJdpJw7cfG/3K/CsDRLE9FJGmHHfzhy	student	2024-06-02 08:46:04.05	2024-06-02 08:46:04.05
12	Mr. Benny Schneider	Alberto60@gmail.com	$2b$10$whTq.4Q3myUhzO1Db5Jx4Ox5fkfNNrV9QSo37nm8o6vfboDvItwbS	student	2024-06-02 08:56:15.362	2024-06-02 08:56:15.362
13	Roberta Bruen	Magdalen.Dickens@gmail.com	$2b$10$ZwA30JB.BffvHFauH2jw4OZPda3Ki38XS46naQSkOjHYQRZo5Aetu	student	2024-06-02 08:56:15.549	2024-06-02 08:56:15.549
14	Melba Wolf	Kenyon_Gulgowski82@yahoo.com	$2b$10$QuT8fzEwBoWAYT8niQv2euPLR3Oyib2KjgAJLjB2M6Rl423fGAram	student	2024-06-02 08:56:15.68	2024-06-02 08:56:15.68
15	Jasmine Hermiston	Brooke.Price83@yahoo.com	$2b$10$KRRw3aLLK9qkomP6kXMBwuaV2Da/uZuDACr.UKNBFb2N4Ig3trpP6	student	2024-06-02 09:00:35.479	2024-06-02 09:00:35.479
16	Dr. Dominick Ledner	Abdullah.Pouros@yahoo.com	$2b$10$dM5m4Haip5WcRoYk7fCz.Oc4KRLXWMzrSqxOLAhXHO9tAOlvekC7u	student	2024-06-02 09:00:35.64	2024-06-02 09:00:35.64
17	Brad Lubowitz	Katherine.Davis@hotmail.com	$2b$10$m1Oz1BSL1dQwFLa//OlP/.SBVCPxUjhKhVAu.fJ7FX6YoouQ5H9ie	student	2024-06-02 09:01:48.889	2024-06-02 09:01:48.889
18	Rachel Lehner	Cathryn_Grady@gmail.com	$2b$10$zlG/bKXv4E61s6eLRPW87e6xGGefeMqwQY5W7Mf0vrXKrCdOC8giG	student	2024-06-02 09:01:49.092	2024-06-02 09:01:49.092
19	Elijah Lowe	Angel_McCullough@hotmail.com	$2b$10$Vv8TtHSp8JSvINZG9fEb9eMRvtM.gUmNomcfsrpcnY9kdjX0KqaTq	student	2024-06-02 09:02:39.93	2024-06-02 09:02:39.93
20	Leslie Treutel	Roxanne_Jaskolski@hotmail.com	$2b$10$K2gcENEWNJPqMw7pbsfNWO4ADkWKYsxdo9oP6kYjYAMToKFnfYMEy	student	2024-06-02 09:02:40.122	2024-06-02 09:02:40.122
21	Dr. Lynn Runolfsdottir PhD	Clark_Weimann11@gmail.com	$2b$10$obBJUIW62wCimLDqiu88K.plHvpXvb0pnzJgh2fZ0N1Ofks21xjIG	student	2024-06-02 09:03:34.689	2024-06-02 09:03:34.689
22	Angelo Wehner	Malika.McDermott95@hotmail.com	$2b$10$LguygqBFCN3jc4uxfUeyyuomvt.WnC2i./UlhXT93lS33puQ8gofi	student	2024-06-02 09:03:34.864	2024-06-02 09:03:34.864
23	Mr. Jonathon Schaefer	Kole.Jacobi52@yahoo.com	$2b$10$T72lIIfm/agjxyu6kqwyee1Y2TUIx5uCJo.ErDaMKVWTfeKfcLh3m	student	2024-06-02 09:04:20.242	2024-06-02 09:04:20.242
24	Mr. Owen Sanford	Joana.Upton@gmail.com	$2b$10$0eaNmey5lALYASJKEKbfpeOTBFPdGW3sTP9NSXLmcZT3pH/PhTMAu	student	2024-06-02 09:04:20.424	2024-06-02 09:04:20.424
25	Dale Kuhlman	Kayli_Mayer@gmail.com	$2b$10$4FseYPOFgvumMJHHSolcT.QGNTD.Sm8jAXC07YGeWHr0B9r.YezOi	student	2024-06-02 09:06:03.068	2024-06-02 09:06:03.068
26	Hope Kuphal	Verla.Collins@hotmail.com	$2b$10$qz2F5qmxL3Hh0Tfiv29NzOvHJnGxU2ASUQPl8MlsGPBH8ZO2sAVTi	student	2024-06-02 09:06:03.252	2024-06-02 09:06:03.252
27	Vincent Howell	Megane_Hodkiewicz@yahoo.com	$2b$10$fvWO3lEkHSqs40RZkEp1DOfcBQOwyVOMkaICzNTgoMzzqNkvcZVTq	student	2024-06-02 09:06:42.384	2024-06-02 09:06:42.384
28	Albert Stamm	Rodrigo_Rodriguez-Reichel52@hotmail.com	$2b$10$bpZNAf8eGXy100WeVPuKiumgPPtuAwgpGCALIwGmSG/qV0.pI/.Zu	student	2024-06-02 09:06:42.593	2024-06-02 09:06:42.593
29	Darrin Mueller	Tanner2@hotmail.com	$2b$10$9b7UHNhLcxApbqAggvOMDefmWdBOLJjCKbuA94vAjsam4xDVQm1IK	student	2024-06-02 09:07:14.936	2024-06-02 09:07:14.936
30	Erma Krajcik	Malvina.Reilly@hotmail.com	$2b$10$bth5yijKs6sostzclePMcOd4UTLXWNzQlxDBsNOyUlYYrqxD4lGFy	student	2024-06-02 09:07:15.123	2024-06-02 09:07:15.123
31	Darrell Heaney MD	Jedediah.Muller91@gmail.com	$2b$10$dGHHCwZ7Q725kJki6K9D4.5W0aSxVeUqnWYVJPNZnQyQPpNi9ZzVe	student	2024-06-02 09:07:34.505	2024-06-02 09:07:34.505
45	Miss Adrienne Stroman	Aniya.Cronin-Blick52@yahoo.com	$2b$10$cKYclF2qr7oNdGdN4pQKle91aPFa0OvDkDEOAgLgsxVi6G8jqxy5i	student	2024-06-02 09:12:47.705	2024-06-02 09:12:47.705
46	Craig Dietrich	Keyon.Mueller70@hotmail.com	$2b$10$TSPJn9VrkmQQtx/XAjgLzuKaiIUqiyJaxl2PkWEwJeWDTI24255rK	student	2024-06-02 09:12:47.887	2024-06-02 09:12:48.073
47	Dr. Garry Kreiger I	Quinton_Fahey45@gmail.com	$2b$10$rUJh5jE.rbx.FXIJowBEEOY1gjrZ.fTKUkfAHbAYixQ36v9jHVw1G	student	2024-06-02 09:13:18.985	2024-06-02 09:13:18.985
48	Pearl Wiegand-Medhurst	Alanna_Williamson@yahoo.com	$2b$10$d7vltybB4.0pRb7jJ1jCk.Nbnb0TElTeMHxk.nRjSAHy0uGcaWywW	student	2024-06-02 09:13:19.165	2024-06-02 09:13:19.352
49	Cecil Witting	Kelton89@gmail.com	$2b$10$6XXBD4HsYA3O1/EMcWbrn.UkHcRn3LDcZSmr51ZI1Y1pxK1tqooOi	student	2024-06-02 09:14:57.59	2024-06-02 09:14:57.59
50	Alexis Stokes	Ottis39@gmail.com	$2b$10$81IaGTU1ZrQMT936sY7sKO16M9aWT8pymXViJD9kPTBn6/itbUbQa	student	2024-06-02 09:14:57.768	2024-06-02 09:14:57.952
51	Jan Schneider	Susanna86@hotmail.com	$2b$10$EQiSwOUPz5oiqI/K0zV4j.t5l//v2LK3nqFRFPQu7SOXvo5jJjqEK	student	2024-06-02 09:15:20.151	2024-06-02 09:15:20.151
52	Dawn Koch DVM	Delfina_Renner@yahoo.com	$2b$10$HIw5.2NgOntVN1vkV4.dNOdqFqaD3Ubn1xeiSrWu4CCTuUFJnXxb2	student	2024-06-02 09:15:20.333	2024-06-02 09:15:20.519
53	Rachael Kertzmann	Koby_Schroeder@hotmail.com	$2b$10$y6LNBZs.hRFtaCQ1/MDaSeNPE8/z/oDbgZ7jZGxd1msNNfr1v6/7C	student	2024-06-02 09:15:53.291	2024-06-02 09:15:53.291
54	Dr. Byron Stiedemann	Reed_Hilll@yahoo.com	$2b$10$h2bru.CAkhL4N69YAbiL2O8/LP2wi6sT9wnHWM5H1N6Ht13JYCuuy	student	2024-06-02 09:15:53.469	2024-06-02 09:15:53.654
55	Alton Hermiston	Maxie.Powlowski34@gmail.com	$2b$10$cDOUEw8ayFGYech2asg0rOoDgIA9G5yiJVl7r6KRk9C3pgIIuWXV.	student	2024-06-02 09:17:02.842	2024-06-02 09:17:02.842
56	Laverne Murphy	Federico.Larkin@gmail.com	$2b$10$ifVHY7oOjRGBMQt/nUrPXe/ZE6ZtMsfyzIrjEpN7i54fLQeylk1PG	student	2024-06-02 09:17:03.024	2024-06-02 09:17:03.21
57	Kathy Gutkowski	Jermain_Hickle@hotmail.com	$2b$10$axLPnIxkNfX87ahlqqEz0uH4ztfoJRcyYMfsP9TQtN3vyr1LNRbam	student	2024-06-02 09:17:54.347	2024-06-02 09:17:54.347
58	Richard Kiehn	Jamal.Larkin@yahoo.com	$2b$10$9oDU8dCZb3ainpyGnhLOIOfuI7puVYtaEKByYma6OuRSTyE86ky0y	student	2024-06-02 09:17:54.579	2024-06-02 09:17:54.762
59	Roxanne Volkman	Dasia.Pagac@gmail.com	$2b$10$yzpFybbZKY6Z2eNu5zU2A.oapIWE.CjYf6u8ug5wYKFbVNEHTzoUq	student	2024-06-02 09:19:25.265	2024-06-02 09:19:25.265
60	Dr. Amy VonRueden	Dwight_Reilly71@gmail.com	$2b$10$eP4bayYSUWSwSkELj0WPDOU5bGS9csUcywdftHTOaSFmgs6uJ2sJ2	student	2024-06-02 09:19:25.453	2024-06-02 09:19:25.639
61	Guadalupe Christiansen	Tina.Boehm@hotmail.com	$2b$10$wKKUC2dahF8fRgEuk4m30e2zuv9dBm4WRexLu1T8AqQKFyJywqTJO	student	2024-06-02 09:20:27.286	2024-06-02 09:20:27.286
62	Oscar Sauer	Betty91@yahoo.com	$2b$10$75qmRyJtw/FZru.HviLtq.gYX.J9Lo82XKV0Z1OsCu7X4o2PUGhU6	student	2024-06-02 09:20:27.462	2024-06-02 09:20:27.649
63	Emily Lebsack II	Misael.Daniel20@hotmail.com	$2b$10$sWSPhEM.ucoN4UHmU63iN.kp4Obgpqa9.KdezKbAdty1Pd7mn4bhW	student	2024-06-02 09:21:30.674	2024-06-02 09:21:30.674
64	Shelia Dare	Bettie2@yahoo.com	$2b$10$HWl3cGykglRwNz2Uve3xbOlCwPRa3rT/SGwGOx2dniw3FxbTYixfS	student	2024-06-02 09:21:30.849	2024-06-02 09:21:31.035
65	Vanessa Heaney	Rachelle38@hotmail.com	$2b$10$.ChCEukTAewUULq.Wo0IA.ixW5WWJOAc0SIM.eXYafhu759xFUPEO	student	2024-06-02 09:22:14.558	2024-06-02 09:22:14.558
66	Doyle Schroeder	Emmanuel73@hotmail.com	$2b$10$eFuCGnAro4Mf9jQXBzB4eOaiDvJK57Bni0Ck9ipMemodkcYDjLAIu	student	2024-06-02 09:22:14.725	2024-06-02 09:22:14.907
67	Lena Marquardt	Rylee56@gmail.com	$2b$10$D19PiAfcSUWL3p9HJON4g.sUfhOJHN0AdEWkaAhnnFzuioBu2Z766	student	2024-06-02 09:22:47.749	2024-06-02 09:22:47.749
68	Norma Thiel	Anya.Howell@hotmail.com	$2b$10$xp1IHRw6q/RVjOv0YA6ZZuHkn1wTrf0dI82hOtqrhrnDW5DtrksdW	student	2024-06-02 09:22:47.912	2024-06-02 09:22:48.096
69	Cory Torphy	Yvonne.Barton-Walsh84@gmail.com	$2b$10$BK.rMqA5Z5oLezw28uxZHedsMqzJL6cHwdUWZCvEDkmjdcBaKuUXy	student	2024-06-02 09:23:11.894	2024-06-02 09:23:11.894
70	Wendell Rodriguez	Dillon65@gmail.com	$2b$10$8krqN9pE/1u4LKu5t4epIOVVqoMvXK1YfnbvaKHceX2oqEcgrG20e	student	2024-06-02 09:23:12.064	2024-06-02 09:23:12.251
71	Mrs. Dianna Emard	Brandt17@gmail.com	$2b$10$nibz1N5SCv6RdiIFpW/uZOCpS3ETYSMDcs4P4rAFzi9UsLKyTL0q.	student	2024-06-02 09:25:04.213	2024-06-02 09:25:04.213
72	Dr. Forrest Macejkovic	Roel57@hotmail.com	$2b$10$s0HJeLDFLQiqAW7Ov5E7wOfc/bwSf6o29.hb4i0GvVkWdorPOf.tW	student	2024-06-02 09:25:04.215	2024-06-02 09:25:04.215
73	Sherry Volkman	Kaya43@hotmail.com	$2b$10$xNIphgt6EMWcGa1c771fo.9QLc3SqqKbxsmAXn8g7MTQYFUbLHaWG	student	2024-06-02 09:25:04.394	2024-06-02 09:25:04.589
74	Anita Beier	Rowena.Robel@hotmail.com	$2b$10$5Y7/Q3ks8Xliv7z6CZNajeAxpO6yqaOg8yN1xDq5rYsru/gFnkPLq	student	2024-06-02 09:37:59.659	2024-06-02 09:37:59.659
75	Joanne Armstrong-Block II	Khalil_Hackett45@gmail.com	$2b$10$J9N/ACTWTyzHPfOSKxv1PusXkZT0OdqAG7KvfkfJawhrzJXp8MsQu	student	2024-06-02 09:37:59.664	2024-06-02 09:37:59.664
76	Leona Daugherty	Felicity_Herman@yahoo.com	$2b$10$xT26KWWrxgKd6VTQn.Sa7.P1rxNnmQp2Xu75s05ENrYy8o57PfMpi	student	2024-06-02 09:37:59.84	2024-06-02 09:38:00.029
77	Rita Herzog	Jovani_Parker14@gmail.com	$2b$10$Go6F1HLmmXceCigpXlbPt.rM.zLOMq0wbQ24OaR7DS.UP3TyQzYzq	student	2024-06-02 09:41:16.742	2024-06-02 09:41:16.742
78	Mattie Zboncak	Mohamed72@hotmail.com	$2b$10$ZMr89ckr7aoMTVwukt3PoeiiKfWwdEDAG7pht./aQQQklzpYFUZo.	student	2024-06-02 09:41:16.747	2024-06-02 09:41:16.747
79	Gregg Dietrich	Layla.Becker@hotmail.com	$2b$10$gVq/L0joYNdR.vO6y5RdxetDhGP.w9UltAc.14lySAX.bYP4llRO2	student	2024-06-02 09:41:16.927	2024-06-02 09:41:17.114
80	Wilfred Rohan	Tevin14@yahoo.com	$2b$10$3UzVWcTUoB8N1ZAaWNtzY.po7equvGvHKjHyAms3IdyGXdqRlXvfe	student	2024-06-02 09:44:43.118	2024-06-02 09:44:43.118
81	Francis McKenzie	Rosamond.Borer52@hotmail.com	$2b$10$ZjnZDjh.KkJPnmU0KP6PKuEFGxYEsLTLiS1tfTAJS15ibEo36HEX6	student	2024-06-02 09:44:43.121	2024-06-02 09:44:43.121
82	Kent Dach	Doris.Weimann62@hotmail.com	$2b$10$MoRXerKFwMIT74TKcL.ypeK8nbeMOuS.NYpnG5axY1oLAyz8atqdG	student	2024-06-02 09:44:43.291	2024-06-02 09:44:43.476
83	Arlene Kemmer	Dennis.Rosenbaum@gmail.com	$2b$10$69CdnuLef81hTMxpPiLsv.NLv7xbof3wXGjkNt9p9IvdkKKvexnHy	student	2024-06-02 09:45:29.764	2024-06-02 09:45:29.764
84	Mr. Theodore Green	Laurence_Moore68@gmail.com	$2b$10$kGEetz140.32Ne8gyG4GC.p7rXa75.Jk9jaI35Hy.ttbvczeZbadu	student	2024-06-02 09:45:29.781	2024-06-02 09:45:29.781
85	Angel Hodkiewicz	Harry.Bogisich@hotmail.com	$2b$10$mZ.czXsIK0p68ih.FVbw6.8O8s7IqJI254Is2OTNdbu.MQdWYGLmy	student	2024-06-02 09:45:29.967	2024-06-02 09:45:30.156
86	Carlton Dibbert	Sydni.Welch17@yahoo.com	$2b$10$N3ICy0CQF46Pi9WaAIwuo.yJSD1omm0tunoJWH3uUhFuAyaJKQGda	student	2024-06-02 09:48:48.646	2024-06-02 09:48:48.646
87	Jermaine Yundt	Keon_Collier48@gmail.com	$2b$10$uTPx0NlI1YgBydGgVM6vQOqYStMzAnnqpbs3jqMt7cgO0yVb05M3.	student	2024-06-02 09:48:48.648	2024-06-02 09:48:48.648
88	Roberto Labadie MD	Jerrell_Yundt95@gmail.com	$2b$10$.kl.eRf90k71a/RRuest0uZaM4Gh1xLJlDprEYeOUzTqvAGJIeWRG	student	2024-06-02 09:48:48.654	2024-06-02 09:48:48.654
89	Wendell Abernathy	Connor_Koepp75@gmail.com	$2b$10$xKCS3Hhzeht4zMXIP6h5oOVcB1z0wbygOph3269tbqfD1BSbVAPPe	student	2024-06-02 09:48:48.797	2024-06-02 09:48:48.797
90	Miss Marguerite Anderson	Margarett.Zboncak@hotmail.com	$2b$10$/WZzlXSpkU4877eonK1qpOu8uTvQA4aFiacGlyZ/A45B5RSk8urGa	student	2024-06-02 09:48:48.837	2024-06-02 09:48:49.022
91	Lance Barton-Morar	Donavon.Kirlin36@yahoo.com	$2b$10$Howt0SBV957tzP6UDMip5usdtVFQLsqw/jnUlmqp.9F1JJHd7UH6a	student	2024-06-02 09:48:48.967	2024-06-02 09:48:49.152
92	Mr. Bennie Kreiger V	Lupe13@yahoo.com	$2b$10$zgwSCvlFrvKqpF5aBpiSKexSvctppnxT3utIYpxXZPZ0jf4x0QSby	student	2024-06-02 09:50:28.329	2024-06-02 09:50:28.329
93	Leroy Lebsack-Metz Jr.	Uriel_Hansen-Effertz@gmail.com	$2b$10$aS9RuYFSFMnJfMbEFZwH9OPqbsHvefQQqqwpNhg1Fa7H35luzZsRa	student	2024-06-02 09:50:28.335	2024-06-02 09:50:28.335
94	Myron Greenfelder	Curt.Grant82@hotmail.com	$2b$10$Mm1ynlJy6pGAyP5rz.LcLua7vmGMPEbGclI7ypgsbpEikjzNRsjU.	student	2024-06-02 09:50:28.341	2024-06-02 09:50:28.341
95	Janet Wiegand	Georgianna_Blanda@yahoo.com	$2b$10$VXSogqEf1L8FDKU0mrg.3exCSFRdEC2ZXTAWcHUJmqPicrSdnOVyW	student	2024-06-02 09:50:28.478	2024-06-02 09:50:28.478
96	Erika Goyette	Anjali.Conn@yahoo.com	$2b$10$30NXmnOfU36JFfAPS0k.E.6AZM./2PnfuQQs43zmCBvm.sn.uyFfi	student	2024-06-02 09:50:28.512	2024-06-02 09:50:28.703
97	Jonathon Kub I	Mayra21@yahoo.com	$2b$10$q2oS.IvlXa/RURylVN8dReOKPmyZhFIvfgd7fgpRAcS1dvP5Cm6BS	student	2024-06-02 09:50:28.637	2024-06-02 09:50:28.829
98	Ms. Kim Kreiger Sr.	Felipe25@yahoo.com	$2b$10$TED4ND5luWK./.rVhqfi2ewmezdpXQ1ckMFssLHyaXejJCJI5N4KO	student	2024-06-02 09:53:45.887	2024-06-02 09:53:45.887
99	Monica Ritchie	Laney_Dare74@yahoo.com	$2b$10$laJ56uDtCkOeCJPkMnCBbOfI1PZUZ1LTQaiPGj1LYyF86r0DA5mky	student	2024-06-02 09:53:45.888	2024-06-02 09:53:45.888
100	Dr. Al Orn	Travis87@yahoo.com	$2b$10$9lCmq.VwBHoe5UQfcA.AI.m6u5lPy5a6MbUhStx3mDVXSG5c7VnMm	student	2024-06-02 09:53:45.908	2024-06-02 09:53:45.908
101	Ms. Angela Legros	Manuela_Fadel46@gmail.com	$2b$10$eYvG3h5ERM/sX5/tlmxRheBdvDoc6BVhO4HSCZ0T2hiAcdUWTCK0q	student	2024-06-02 09:53:46.034	2024-06-02 09:53:46.034
102	Rosie Yundt	Vernice_Schulist42@gmail.com	$2b$10$owfuPPG7OOCX9OgjO/7S.uXeue0X3zgbiP/VX8.q9ndeb4han58N.	student	2024-06-02 09:53:46.064	2024-06-02 09:53:46.257
103	Bryant Christiansen	Mavis_Gottlieb87@hotmail.com	$2b$10$xL8jtHLUG/4kjSP6utDGuelmLvmdBPmwr5/0umT0clAhJ8QawIEB2	student	2024-06-02 09:53:46.22	2024-06-02 09:53:46.403
104	Warren Ondricka	Kennedi.Corkery@yahoo.com	$2b$10$VHXEw2Mwh4nraamtT2/4VOD0cmd7xnQ1dwAgJJyDp2WCUEfa8Vu8W	student	2024-06-02 09:54:35.909	2024-06-02 09:54:35.909
105	Marshall Cronin	Rahsaan20@hotmail.com	$2b$10$F/in7yPXyI8KJMg3leRevOMtxPrQUnWsKS.4QaLzvZ5AFHyWs8Xqy	student	2024-06-02 09:54:35.914	2024-06-02 09:54:35.914
106	Monique Frami	Marlin.Abernathy@gmail.com	$2b$10$.qVXKNt.V1oj1JIFwND3p.a13U0qjJ13FAtvUQ76ug5l0QUG4vlSO	student	2024-06-02 09:54:35.919	2024-06-02 09:54:35.919
107	Bobby Runolfsdottir	Zoey72@gmail.com	$2b$10$9wCRuW0b7dVXpBtq7qybseEKkQDcyEPLsyldMQAbIIcqZ7hzRqi76	student	2024-06-02 09:54:36.056	2024-06-02 09:54:36.056
108	Joel Witting	Marjolaine.Rosenbaum24@gmail.com	$2b$10$dxn5NS8Dn/IdPdNrKqKpDe4M837RrcKrCJZ/bmbQfKZFOCcmrL5Rm	student	2024-06-02 09:54:36.09	2024-06-02 09:54:36.313
109	Dr. Valerie Johnston	Jaylan_Gislason@hotmail.com	$2b$10$23g3LAtUiiNYVXSY4gl/nOaoiOrX/BpJQXHaQH7LVLrZEG/1PPavK	student	2024-06-02 09:54:36.289	2024-06-02 09:54:36.488
110	Sophie Klein	Fern15@hotmail.com	$2b$10$ANTloWtMk6VxqWNQv6JHfuiTJMBhBuy.DJ/fVQKb0IkHIOkl62cOW	student	2024-06-02 09:55:26.714	2024-06-02 09:55:26.714
111	Johnnie Rohan-Beer	Kathleen.Schaefer83@gmail.com	$2b$10$9lASfI2GqtqXTlEIFeG1De542uCxy2Xg1.XRK8P32Qzr./dU0ll4K	student	2024-06-02 09:55:26.72	2024-06-02 09:55:26.72
112	Alexandra Graham	Bianka57@yahoo.com	$2b$10$7kUSzQDHFd/wUTvxTRC80u.LnL8cJT1cjb3H5UwxWBNTPoKveTJAG	student	2024-06-02 09:55:26.723	2024-06-02 09:55:26.723
113	Grant Steuber DVM	Queenie0@gmail.com	$2b$10$1FhyfyymnC6D7/0nc2DlcutmScOif6j5EWVU4nDyo25P4wcaqHuQi	student	2024-06-02 09:55:26.867	2024-06-02 09:55:26.867
114	Guadalupe Schmeler	Orval.Herzog-Krajcik89@hotmail.com	$2b$10$9i5q3hieulgEaTVEr/jmxuDm8rZUDWlWQLrEgF7OOB7176CiaxaH2	student	2024-06-02 09:55:26.899	2024-06-02 09:55:27.084
115	Irvin Lubowitz	Hubert_Weissnat@yahoo.com	$2b$10$KKkvrrMdQJ/GN7iR5.VRj.Fphm1mel2d9Vvvym74/fI05zhOUbCfi	student	2024-06-02 09:55:27.055	2024-06-02 09:55:27.243
116	Lawrence Bogan	Cary.Jaskolski10@yahoo.com	$2b$10$noQEuLj8MW0PEPMaIBLHlOaNELSffuTAJOJJ.348EPWP1J8URfNHC	student	2024-06-02 09:56:40.259	2024-06-02 09:56:40.259
117	Dr. Abel Denesik	Kaitlyn.MacGyver@yahoo.com	$2b$10$NYE9e38kz/lwJLhlHD5W7ea5fGSU6AsMvANWFxrh0EMynEjHVrq42	student	2024-06-02 09:56:40.264	2024-06-02 09:56:40.264
118	Jennie Larson	Izabella.Jerde-Cummings@gmail.com	$2b$10$U6konKygqplanjvPjDGQfuDQ2RpLa7zQ9/k/xva3hZXal4rT/6.ti	student	2024-06-02 09:56:40.27	2024-06-02 09:56:40.27
119	Angela Hartmann	Kirstin66@yahoo.com	$2b$10$yiS7C1swuXOfWzlAno62Y.xMFq17F8J8.IGHclnKCISTWL7hlFrJa	student	2024-06-02 09:56:40.402	2024-06-02 09:56:40.402
120	Israel Lakin	Elda23@hotmail.com	$2b$10$tysvhtPTAbQnJdAVwM8ixe0VbwTjcBfQazINEJZfHbQ/3RcnhYxeO	student	2024-06-02 09:56:40.439	2024-06-02 09:56:40.626
121	Johnny Olson III	Travon_Schuppe92@hotmail.com	$2b$10$ICR3HjhmIvJax8tnE4E3HOprHUITOpgOuN.5R8N4H/Y9OAb71kdt2	student	2024-06-02 09:56:40.586	2024-06-02 09:56:40.775
122	Gail Turcotte	Fernando_Sanford@gmail.com	$2b$10$ZuZtSQQvTlBHQGgStIYL2.vBfMfyFF6iHDmJ4B9h.BLK9jBetbJ.2	student	2024-06-02 09:57:15.966	2024-06-02 09:57:15.966
123	Jennifer Okuneva	Hazel.Veum-Cole@yahoo.com	$2b$10$SOj7tGJr3X3JWTasbcnbl.pTkTpQZjK0Vtm7SCjPPh/487trdIWE.	student	2024-06-02 09:57:15.968	2024-06-02 09:57:15.968
124	Carl Bahringer	Therese.Schimmel41@hotmail.com	$2b$10$UpNZMK0OXS2zuwj2mf7uMOO4aw/6or.2EoRc4eb23XwXHELiKqdoC	student	2024-06-02 09:57:15.969	2024-06-02 09:57:15.969
125	Olga Smith	Amara7@gmail.com	$2b$10$po01GvOzUsuZIugqoMcfiOD1u5uSDZVqhexZdgREQ0VI2Xi367e8a	student	2024-06-02 09:57:16.139	2024-06-02 09:57:16.139
126	Rose O'Kon	Addie.Schiller@hotmail.com	$2b$10$47ddSm/I4LH0.PY/zBi4KO26yqPmhdPirtD7sToeER8oC51KRP7PW	student	2024-06-02 09:57:16.174	2024-06-02 09:57:16.361
127	Dr. Susie Crooks	Houston_Reinger40@yahoo.com	$2b$10$ae9mThjfx4JLNNDxPXZyc.4LrsB8.wGzJkUSFzuB9Ly6mqTaWe1ri	student	2024-06-02 09:57:16.327	2024-06-02 09:57:16.51
128	Nichole Hahn	Dewitt99@yahoo.com	$2b$10$pQbqzl0XfxrE3oXGAZDPQukKIRj/TK/ege1BKqecVwe/iWJcb.6Ky	student	2024-06-02 09:58:09.412	2024-06-02 09:58:09.412
129	Cecil Reynolds	Stanford.Schroeder@yahoo.com	$2b$10$SqCkSzNPy6ldZWgO1wvRouGJvn/GNdEhQRyl46NNE6EiTmwMnvs3.	student	2024-06-02 09:58:09.414	2024-06-02 09:58:09.414
130	Jon Bogisich	Jerrell62@hotmail.com	$2b$10$ysDJlifytPT1vCh5EyMmcOZXP4g.5Gm3zVXrVyrMdRkkqsYHVmpP6	student	2024-06-02 09:58:09.428	2024-06-02 09:58:09.428
131	Darrell Zboncak	Augusta.VonRueden@hotmail.com	$2b$10$JuaKxy.qSsbhS4JTAF.YnOhEZ8gEmd6zKFBLTpfianlTckslVGeQ6	student	2024-06-02 09:58:09.592	2024-06-02 09:58:09.592
132	Dr. Kyle Gerlach	Aliza_Gulgowski86@gmail.com	$2b$10$iPh7w9T5KB6gmH5r6g1OoeygHPtUWcfoKM95QOHNq0JpuokAc34FK	student	2024-06-02 09:58:09.641	2024-06-02 09:58:09.842
133	Jan Auer	Mckenna_Abernathy59@hotmail.com	$2b$10$H7u22UBtmXxxvh908SUSAet/I8u0GxTTo3FAszBl3TxMohLy/01x.	student	2024-06-02 09:58:09.818	2024-06-02 09:58:10.001
134	Kirk Kertzmann	Olin.Pollich94@yahoo.com	$2b$10$7qJkJver44ZDBJjerMpXKOXxeZeyaXM47PCyRI51t/W26u.oNIrZu	student	2024-06-02 09:59:04.143	2024-06-02 09:59:04.143
135	Sonja Quigley	Nikko_Rempel58@yahoo.com	$2b$10$y7e5XE/0a9nq9KGbZUDkNuNpi7wCX5zEKklZxLKrnHmaIIxBxuuCC	student	2024-06-02 09:59:04.148	2024-06-02 09:59:04.148
136	Edith Kemmer	Jordy.Hartmann@yahoo.com	$2b$10$vmYySg6ifTpaowEvIwfKluia8/tNoktLAhMGfJ8QtbATKexnQpHbW	student	2024-06-02 09:59:04.156	2024-06-02 09:59:04.156
137	Janice Cronin III	Domenico.Nikolaus66@yahoo.com	$2b$10$XPsHgtae6HuddcPszQe7yOhRi/qge9Czbm0CmUCYctwovfqWhYJUW	student	2024-06-02 09:59:04.325	2024-06-02 09:59:04.325
138	Isaac Heaney	Cassidy_Pollich@yahoo.com	$2b$10$Q4Efpaf6IyP5DbFueMXq9OWZ6tw1hHpfix/dTwlYe8lVQx/ImUBD2	student	2024-06-02 09:59:04.328	2024-06-02 09:59:04.52
139	Wanda Emard	Sam46@yahoo.com	$2b$10$F8BB3Qt6NZiX2x2r3RmyUuNK/jz235id.9VfU3hfomzVqwgZoHnFy	student	2024-06-02 09:59:04.515	2024-06-02 09:59:04.718
140	Clifton Windler MD	Estefania.Wyman26@yahoo.com	$2b$10$ZHVDB80S4MWapKWlw9Daqu4R9Ogz.or1ZLrh8SykLsweU4k9nwhDe	student	2024-06-02 09:59:52.413	2024-06-02 09:59:52.413
141	Jan Morissette	Maximillia1@hotmail.com	$2b$10$BTBQGR7AOITPqOG/4qubpecC3HqpK36zJS/YA.Q1xvXuOu6KLjJnu	student	2024-06-02 09:59:52.416	2024-06-02 09:59:52.416
142	Gordon Paucek	Carissa3@yahoo.com	$2b$10$wYHQv.EQRvOhnZ0NcMBlfeLXv5gcLAh9OfmJjGCAau74prBxuD9/O	student	2024-06-02 09:59:52.422	2024-06-02 09:59:52.422
143	Marcia Hackett	Myriam19@yahoo.com	$2b$10$2ctEwIuK3/rQHHAq7snDz.sV2JauKYGJo9PvKElFpaypbd1O3kXvS	student	2024-06-02 09:59:52.56	2024-06-02 09:59:52.56
144	Russell Wiza	Merlin46@yahoo.com	$2b$10$e8oAqDpvNfcjV4ePTUKHV.KoEuiwLYxi4PQXKchaECQI4deJ/pby.	student	2024-06-02 09:59:52.593	2024-06-02 09:59:52.789
145	Stephanie Dare	Hershel_Frami@yahoo.com	$2b$10$OOKWdgP/MTBU5OirB8S7EO9M/v3aqcH122/52T4Iyvfug9TpFL7he	student	2024-06-02 09:59:52.754	2024-06-02 09:59:52.938
146	Wallace Collins	Elfrieda70@gmail.com	$2b$10$TNB3Oq0rpWQ6ahhrtMaUMuliAMCDHHUjRduimSAATx1hkYrILwYxq	student	2024-06-02 10:00:18.355	2024-06-02 10:00:18.355
147	Regina Kling	Beau.Mayert@hotmail.com	$2b$10$m0e57KTzun7XVqA.a4.TtuZRtS/2V79SofzNWOkFUTKzWwKlXRALS	student	2024-06-02 10:00:18.357	2024-06-02 10:00:18.357
148	John Doyle MD	Preston.Trantow4@gmail.com	$2b$10$3ge0hqyPlcA8NUtsHgXPxOAlulxGQBFXPVrvv0fyJmK/qvN0o0LjO	student	2024-06-02 10:00:18.359	2024-06-02 10:00:18.359
149	Joanne Kirlin	Rae.Kunde48@yahoo.com	$2b$10$0JANYWwHNcf/a3gMXHG0Qu96i0CUqwn.u0i6m29mbUBnWQHyOkDxW	student	2024-06-02 10:00:18.503	2024-06-02 10:00:18.503
150	Donna Shields-Lind	Bailee_Zieme55@hotmail.com	$2b$10$E4UQTE9tgkrb.c4zrHCEy.hpmSrsbPbGfbwI0Cx/BYYcSF051W3O.	student	2024-06-02 10:00:18.537	2024-06-02 10:00:18.723
151	Dolores Marquardt	Audie_Romaguera18@yahoo.com	$2b$10$5mbjR3g.YU9faW2vdP3F0uNxstdzqgyjMRW8HvarF1m9pynFYp8Wy	student	2024-06-02 10:00:18.679	2024-06-02 10:00:18.865
152	Ronald Beatty	Amanda.Lebsack88@gmail.com	$2b$10$OXvEj74e9Rrqvou1lIGKO.XY/dSUX11f77WZoqSIo3l6PrmoDPbo6	student	2024-06-02 10:01:02.938	2024-06-02 10:01:02.938
153	Dorothy Strosin II	Keagan.Volkman@hotmail.com	$2b$10$8VE8cY7RByE8VInU87jDtO4TGaE/U2MM8GtEODPpR7BAYrkohHTYC	student	2024-06-02 10:01:02.946	2024-06-02 10:01:02.946
154	Ellen Kirlin	Madelyn_Marvin70@yahoo.com	$2b$10$Z44sk9yxWiCAaVOtIyQ9WOtYlCLGlsgKJ56viwijDSwFajmX6v3Xq	student	2024-06-02 10:01:02.956	2024-06-02 10:01:02.956
155	Lillian Hane V	Jerome.Turner@hotmail.com	$2b$10$/c5C9JVenIFAD.E1SwhCGuQmJyd5jYnBnPP95R7vuB0HYgueKaHaW	student	2024-06-02 10:01:03.1	2024-06-02 10:01:03.1
157	Hazel Bernier	Al53@hotmail.com	$2b$10$oO94oIBcjbgbzVN46.AISuo4oOPYmGiGc69a3kbmUcv9PrnJiz9.G	student	2024-06-02 10:01:03.292	2024-06-02 10:01:03.479
156	Mr. Bryant Bode DDS	Tod.Schowalter54@yahoo.com	$2b$10$iZ2XmpBeLy07GuRTD1Z6l.I0BdkZ1KHZNq3gXVVmAgyjJZqR5WDk6	student	2024-06-02 10:01:03.118	2024-06-02 10:01:03.313
158	Kristy Schimmel	Leif73@yahoo.com	$2b$10$ZxDvha61iW16zvJKIKHd4.yJjllLjQlkMEReAL/YL4Q2.kmqA8WXa	student	2024-06-02 10:01:41.838	2024-06-02 10:01:41.838
159	Cheryl Rohan	Bobbie_Towne@yahoo.com	$2b$10$RGZiVvmUlpc.UFvFJ6RdluPBp3yQ3MMxsN.usB4QvVzp7mCn7W8cq	student	2024-06-02 10:01:41.87	2024-06-02 10:01:41.87
160	Jeannette Anderson	Sheridan50@yahoo.com	$2b$10$tTwwgIVWuP1VdAQZMzKBU.jnLmGFT4OxtJakh7sRA8Yp4tEv/fAbm	student	2024-06-02 10:01:41.872	2024-06-02 10:01:41.872
161	Luther Johnson-Hagenes	Arvid_Kreiger90@hotmail.com	$2b$10$C4V37v/sHcMlsXmnnS3rT.GY/FPdKl8LQvy6dl1h9NBGFpA6ZAHuC	student	2024-06-02 10:01:42.013	2024-06-02 10:01:42.013
162	Kimberly Torp	Minnie69@yahoo.com	$2b$10$Cje9M3tdiNC.e74vk7fqRe.r6323XCRqj4x0L1KuVn9R8fOiDvzwK	student	2024-06-02 10:01:42.047	2024-06-02 10:01:42.234
163	Gertrude Bogan	Omer.Auer@yahoo.com	$2b$10$qEK62LsVhxIcsZM3YQjsNe3feNa.llLMqXFMOqpw5edT0xw6s6Eie	student	2024-06-02 10:01:42.199	2024-06-02 10:01:42.383
164	Frank Abbott	Tabitha0@hotmail.com	$2b$10$qHDedfrTJ3CNEfbQOYkf7OwYZbFGp6npfzy4R8Ih.pP.ZF62EKUGi	student	2024-06-02 10:02:33.957	2024-06-02 10:02:33.957
165	Angel Russel-Breitenberg	Berniece_Mraz@gmail.com	$2b$10$47D2GQN5FOKWykuEDaKzIuRNye0fP6lwKTRSo3rI8So0v6gSiW.qa	student	2024-06-02 10:02:33.964	2024-06-02 10:02:33.964
166	Marlon Rempel	Allan.Hirthe6@yahoo.com	$2b$10$YM4VrgOLIwicqfRScC38E.QZ33xx9QpVzxeXsEEpQ09nBaMb7lvQC	student	2024-06-02 10:02:33.975	2024-06-02 10:02:33.975
167	Josefina Feeney	Beryl_Beatty22@yahoo.com	$2b$10$hRo67ZelxUs019NnuYPPle/LSSqrGozfMqm70gzB7MytmonAAiwSq	student	2024-06-02 10:02:34.101	2024-06-02 10:02:34.101
168	Billy Nitzsche	Anahi22@gmail.com	$2b$10$9gnzysvN.CWOya/3Cw0I4.1n9RZMNOvyOL.ft5i0iCZfiEqeaMsb.	student	2024-06-02 10:02:34.142	2024-06-02 10:02:34.327
169	Evelyn McGlynn	Jackie_Robel@yahoo.com	$2b$10$5xd1DSGWRDkco.D7.u9r.e3jwhvRylyeMWWRo1Jve4WBb43MvD1lS	student	2024-06-02 10:02:34.278	2024-06-02 10:02:34.462
\.


--
-- Name: migrations_id_seq; Type: SEQUENCE SET; Schema: drizzle; Owner: postgres
--

SELECT pg_catalog.setval('drizzle.migrations_id_seq', 1, true);


--
-- Name: courses_credits_seq; Type: SEQUENCE SET; Schema: public; Owner: postgres
--

SELECT pg_catalog.setval('public.courses_credits_seq', 1, true);


--
-- Name: courses_id_seq; Type: SEQUENCE SET; Schema: public; Owner: postgres
--

SELECT pg_catalog.setval('public.courses_id_seq', 7, true);


--
-- Name: courses_instructor_id_seq; Type: SEQUENCE SET; Schema: public; Owner: postgres
--

SELECT pg_catalog.setval('public.courses_instructor_id_seq', 1, false);


--
-- Name: enrollments_course_id_seq; Type: SEQUENCE SET; Schema: public; Owner: postgres
--

SELECT pg_catalog.setval('public.enrollments_course_id_seq', 1, false);


--
-- Name: enrollments_id_seq; Type: SEQUENCE SET; Schema: public; Owner: postgres
--

SELECT pg_catalog.setval('public.enrollments_id_seq', 142, true);


--
-- Name: enrollments_user_id_seq; Type: SEQUENCE SET; Schema: public; Owner: postgres
--

SELECT pg_catalog.setval('public.enrollments_user_id_seq', 1, false);


--
-- Name: instructors_id_seq; Type: SEQUENCE SET; Schema: public; Owner: postgres
--

SELECT pg_catalog.setval('public.instructors_id_seq', 2, true);


--
-- Name: lectures_course_id_seq; Type: SEQUENCE SET; Schema: public; Owner: postgres
--

SELECT pg_catalog.setval('public.lectures_course_id_seq', 2, true);


--
-- Name: lectures_id_seq; Type: SEQUENCE SET; Schema: public; Owner: postgres
--

SELECT pg_catalog.setval('public.lectures_id_seq', 4, true);


--
-- Name: migrations_id_seq; Type: SEQUENCE SET; Schema: public; Owner: postgres
--

SELECT pg_catalog.setval('public.migrations_id_seq', 13, true);


--
-- Name: refreshTokens_id_seq; Type: SEQUENCE SET; Schema: public; Owner: postgres
--

SELECT pg_catalog.setval('public."refreshTokens_id_seq"', 444, true);


--
-- Name: refreshTokens_user_id_seq; Type: SEQUENCE SET; Schema: public; Owner: postgres
--

SELECT pg_catalog.setval('public."refreshTokens_user_id_seq"', 1, false);


--
-- Name: student_lectures_id_seq; Type: SEQUENCE SET; Schema: public; Owner: postgres
--

SELECT pg_catalog.setval('public.student_lectures_id_seq', 5, true);


--
-- Name: student_lectures_lecture_id_seq; Type: SEQUENCE SET; Schema: public; Owner: postgres
--

SELECT pg_catalog.setval('public.student_lectures_lecture_id_seq', 1, false);


--
-- Name: student_lectures_user_id_seq; Type: SEQUENCE SET; Schema: public; Owner: postgres
--

SELECT pg_catalog.setval('public.student_lectures_user_id_seq', 1, false);


--
-- Name: users_id_seq; Type: SEQUENCE SET; Schema: public; Owner: postgres
--

SELECT pg_catalog.setval('public.users_id_seq', 169, true);


--
-- Name: migrations migrations_pkey; Type: CONSTRAINT; Schema: drizzle; Owner: postgres
--

ALTER TABLE ONLY drizzle.migrations
    ADD CONSTRAINT migrations_pkey PRIMARY KEY (id);


--
-- Name: courses courses_pkey; Type: CONSTRAINT; Schema: public; Owner: postgres
--

ALTER TABLE ONLY public.courses
    ADD CONSTRAINT courses_pkey PRIMARY KEY (id);


--
-- Name: enrollments enrollments_pkey; Type: CONSTRAINT; Schema: public; Owner: postgres
--

ALTER TABLE ONLY public.enrollments
    ADD CONSTRAINT enrollments_pkey PRIMARY KEY (id);


--
-- Name: instructors instructors_email_unique; Type: CONSTRAINT; Schema: public; Owner: postgres
--

ALTER TABLE ONLY public.instructors
    ADD CONSTRAINT instructors_email_unique UNIQUE (email);


--
-- Name: instructors instructors_pkey; Type: CONSTRAINT; Schema: public; Owner: postgres
--

ALTER TABLE ONLY public.instructors
    ADD CONSTRAINT instructors_pkey PRIMARY KEY (id);


--
-- Name: lectures lectures_pkey; Type: CONSTRAINT; Schema: public; Owner: postgres
--

ALTER TABLE ONLY public.lectures
    ADD CONSTRAINT lectures_pkey PRIMARY KEY (id);


--
-- Name: migrations migrations_pkey; Type: CONSTRAINT; Schema: public; Owner: postgres
--

ALTER TABLE ONLY public.migrations
    ADD CONSTRAINT migrations_pkey PRIMARY KEY (id);


--
-- Name: refreshTokens refreshTokens_pkey; Type: CONSTRAINT; Schema: public; Owner: postgres
--

ALTER TABLE ONLY public."refreshTokens"
    ADD CONSTRAINT "refreshTokens_pkey" PRIMARY KEY (id);


--
-- Name: student_lectures student_lectures_lecture_id_user_id_unique; Type: CONSTRAINT; Schema: public; Owner: postgres
--

ALTER TABLE ONLY public.student_lectures
    ADD CONSTRAINT student_lectures_lecture_id_user_id_unique UNIQUE (lecture_id, user_id);


--
-- Name: student_lectures student_lectures_pkey; Type: CONSTRAINT; Schema: public; Owner: postgres
--

ALTER TABLE ONLY public.student_lectures
    ADD CONSTRAINT student_lectures_pkey PRIMARY KEY (id);


--
-- Name: users users_email_unique; Type: CONSTRAINT; Schema: public; Owner: postgres
--

ALTER TABLE ONLY public.users
    ADD CONSTRAINT users_email_unique UNIQUE (email);


--
-- Name: users users_pkey; Type: CONSTRAINT; Schema: public; Owner: postgres
--

ALTER TABLE ONLY public.users
    ADD CONSTRAINT users_pkey PRIMARY KEY (id);


--
-- Name: courses courses_instructor_id_instructors_id_fk; Type: FK CONSTRAINT; Schema: public; Owner: postgres
--

ALTER TABLE ONLY public.courses
    ADD CONSTRAINT courses_instructor_id_instructors_id_fk FOREIGN KEY (instructor_id) REFERENCES public.instructors(id) ON DELETE CASCADE;


--
-- Name: enrollments enrollments_course_id_courses_id_fk; Type: FK CONSTRAINT; Schema: public; Owner: postgres
--

ALTER TABLE ONLY public.enrollments
    ADD CONSTRAINT enrollments_course_id_courses_id_fk FOREIGN KEY (course_id) REFERENCES public.courses(id);


--
-- Name: enrollments enrollments_user_id_users_id_fk; Type: FK CONSTRAINT; Schema: public; Owner: postgres
--

ALTER TABLE ONLY public.enrollments
    ADD CONSTRAINT enrollments_user_id_users_id_fk FOREIGN KEY (user_id) REFERENCES public.users(id) ON DELETE CASCADE;


--
-- Name: lectures lectures_course_id_courses_id_fk; Type: FK CONSTRAINT; Schema: public; Owner: postgres
--

ALTER TABLE ONLY public.lectures
    ADD CONSTRAINT lectures_course_id_courses_id_fk FOREIGN KEY (course_id) REFERENCES public.courses(id) ON DELETE CASCADE;


--
-- Name: refreshTokens refreshTokens_user_id_users_id_fk; Type: FK CONSTRAINT; Schema: public; Owner: postgres
--

ALTER TABLE ONLY public."refreshTokens"
    ADD CONSTRAINT "refreshTokens_user_id_users_id_fk" FOREIGN KEY (user_id) REFERENCES public.users(id) ON DELETE CASCADE;


--
-- Name: student_lectures student_lectures_lecture_id_lectures_id_fk; Type: FK CONSTRAINT; Schema: public; Owner: postgres
--

ALTER TABLE ONLY public.student_lectures
    ADD CONSTRAINT student_lectures_lecture_id_lectures_id_fk FOREIGN KEY (lecture_id) REFERENCES public.lectures(id) ON DELETE CASCADE;


--
-- Name: student_lectures student_lectures_user_id_users_id_fk; Type: FK CONSTRAINT; Schema: public; Owner: postgres
--

ALTER TABLE ONLY public.student_lectures
    ADD CONSTRAINT student_lectures_user_id_users_id_fk FOREIGN KEY (user_id) REFERENCES public.users(id);


--
-- PostgreSQL database dump complete
--

